id,BaseDateTime,LAT,LON,SOG,COG,Heading,VesselName,IMO,CallSign,VesselType,Status,Length,Width,Draft,Cargo,TransceiverClass
1,2023-05-31T00:00:00,29.63172,-90.05523,0.0,303.5,511.0,DANNY BOY,IMO1206681,nan,52.0,15.0,15.0,4.0,0.0,52.0,A
2,2023-05-31T00:00:01,29.9968,-93.94957,0.0,47.1,511.0,GAMBLER,nan,WDK8562,52.0,15.0,19.0,8.0,0.0,52.0,A
3,2023-05-31T00:00:02,39.34187,-74.39329,6.1,317.7,511.0,JIOIA,IMO0000000,WDN2918,36.0,nan,15.0,5.0,nan,nan,B
4,2023-05-31T00:00:02,29.25772,-89.36174,0.1,13.3,511.0,EVEREADY,IMO8973447,WDG7850,60.0,0.0,36.0,7.0,nan,60.0,A
5,2023-05-31T00:00:03,29.6579,-91.12669,3.3,337.1,329.0,JOYCE MAXINE,nan,WDC9281,31.0,5.0,21.0,8.0,nan,57.0,A
6,2023-05-31T00:00:04,30.02146,-93.98423,0.0,120.0,76.0,BRIAN O DANIELS,nan,WDD7438,31.0,12.0,26.0,9.0,nan,31.0,A
7,2023-05-31T00:00:04,26.00827,-79.83897,7.4,296.9,511.0,NIRO,IMO0000000,WDL8330,36.0,nan,16.0,3.0,nan,nan,B
8,2023-05-31T00:00:05,29.17416,-95.10709,7.1,265.4,262.0,CREOLE RIVERS,nan,WDC3300,31.0,15.0,19.0,7.0,nan,57.0,A
9,2023-05-31T00:00:05,41.51805,-69.51257,9.9,150.8,150.0,OCEANUS LEADER,IMO9553488,3FDF7,70.0,0.0,199.0,32.0,10.3,70.0,A
10,2023-05-31T00:00:06,31.9781,-80.34885,11.8,253.4,253.0,ZIM SHEKOU,IMO9322322,A8KX2,70.0,0.0,260.0,32.0,12.6,71.0,A
11,2023-05-31T00:00:00,48.43095,-123.42976,0.0,360.0,511.0,PARKSVILLE,nan,CGKC,52.0,12.0,13.0,5.0,0.0,52.0,A
13,2023-05-31T00:00:07,47.80935,-122.39003,0.0,360.0,511.0,LOWE DOWN,IMO0000000,WDK8927,37.0,nan,20.0,4.0,nan,nan,B
14,2023-05-31T00:00:08,29.73129,-95.02333,0.0,337.0,41.0,MR BENNETT,nan,WDF6985,31.0,12.0,18.0,7.0,nan,57.0,A
15,2023-05-31T00:00:07,41.74861,-124.1836,0.0,214.5,511.0,AL W,IMO0000000,WDD7588,30.0,nan,16.0,5.0,nan,nan,B
16,2023-05-31T00:00:00,48.60091,-123.0418,5.6,21.9,511.0,ALLORA,IMO0000000,nan,36.0,nan,11.0,4.0,nan,nan,B
17,2023-05-31T00:00:01,30.06968,-90.89737,0.2,302.6,511.0,CAPT WHITEY,nan,WDC3246,31.0,15.0,25.0,9.0,nan,0.0,A
18,2023-05-31T00:00:01,32.72079,-117.22589,0.0,166.9,212.0,BLUEFIN-A-DINI,IMO0000000,nan,37.0,nan,11.0,4.0,nan,nan,B
19,2023-05-31T00:00:01,33.21473,-117.39955,0.0,245.2,511.0,TEASIP,IMO0000000,WDK6349,36.0,nan,10.0,4.0,nan,nan,B
20,2023-05-31T00:00:03,32.69329,-117.14694,0.0,360.0,511.0,WILLIAM F,nan,WDK9183,33.0,15.0,40.0,18.0,0.0,33.0,A
21,2023-05-31T00:00:04,49.31071,-123.08995,0.1,360.0,511.0,ORIANA,IMO0000000,nan,37.0,nan,30.0,7.0,nan,nan,B
22,2023-05-31T00:00:04,41.68649,-70.73609,7.1,331.6,511.0,COSTA BELA,IMO0000000,nan,37.0,nan,9.0,4.0,nan,nan,B
23,2023-05-31T00:00:00,29.41356,-89.07722,0.8,304.5,511.0,MS DEE,IMO8973497,WDC7960,60.0,0.0,35.0,7.0,nan,60.0,A
24,2023-05-31T00:00:01,29.6819,-91.09813,0.0,269.2,511.0,SEACAT,nan,WDG7322,31.0,0.0,15.0,6.0,nan,52.0,A
25,2023-05-31T00:00:01,29.94375,-90.38445,0.0,238.2,295.0,WILLIAM S,IMO9670286,WDG4522,31.0,15.0,29.0,11.0,4.2,31.0,A
26,2023-05-31T00:00:03,44.09425,-87.66509,1.7,140.6,135.0,SOUTHERN DAWN,IMO7303853,WDE2540,31.0,5.0,39.0,10.0,5.3,52.0,A
27,2023-05-31T00:00:05,49.29095,-123.06077,0.0,163.5,61.0,SST GRIZZLY,IMO9756482,CFA2897,31.0,0.0,32.0,13.0,5.8,31.0,A
28,2023-05-31T00:00:06,43.85068,-69.62731,0.0,360.0,511.0,HARBOR_PRINCESS,IMO0000297,WDL5208,69.0,0.0,32.0,8.0,0.0,69.0,A
29,2023-05-31T00:00:00,49.29233,-122.97438,0.4,171.2,144.0,ISLAND REGENT,IMO9803091,CFA2943,52.0,15.0,24.0,11.0,4.0,52.0,A
30,2023-05-31T00:00:00,33.43288,-118.42532,25.8,111.9,511.0,SUPER EXPRESS,nan,WAB6372,60.0,0.0,26.0,6.0,nan,40.0,A
31,2023-05-31T00:00:01,34.33988,-76.46489,6.7,47.4,44.0,CAROLINA COAST,IMO7042863,WDH8317,31.0,0.0,33.0,10.0,5.0,52.0,A
32,2023-05-31T00:00:05,29.85251,-90.0629,0.0,262.4,72.0,DENNIS J PASENTINE,nan,WDF2813,31.0,12.0,40.0,12.0,nan,31.0,A
33,2023-05-31T00:00:04,27.86826,-97.04631,0.0,338.1,19.0,BRISCOE,IMO126138300,WDL5619,57.0,12.0,116.0,34.0,2.8,57.0,A
34,2023-05-31T00:00:05,33.97699,-118.44988,0.0,226.6,511.0,DARK SIDE,IMO0000000,nan,37.0,nan,11.0,4.0,nan,nan,B
35,2023-05-31T00:00:06,39.99277,-74.07156,0.1,360.0,511.0,LA DOLCE VITA,IMO0000000,nan,37.0,nan,10.0,6.0,nan,nan,B
36,2023-05-31T00:00:06,31.05404,-80.00789,5.4,37.5,33.0,SEAFOAM,nan,nan,37.0,3.0,0.0,0.0,4.0,37.0,A
37,2023-05-31T00:00:17,30.39073,-86.50404,0.0,158.2,511.0,MAD BOZ,IMO0000000,MAD BOZ,37.0,nan,14.0,5.0,nan,nan,B
38,2023-05-31T00:00:14,39.49819,-74.20863,7.5,38.6,511.0,CHRISTI-CAROLINE,IMO0000000,WDK2404,30.0,nan,38.0,10.0,nan,nan,B
39,2023-05-31T00:00:00,29.71883,-91.54764,5.2,323.7,320.0,BOLD VENTURE,nan,WDL4531,57.0,12.0,205.0,12.0,2.5,57.0,A
40,2023-05-31T00:00:01,47.65758,-122.38236,0.0,303.6,177.0,ROLLO,IMO7427489,WDI3959,30.0,8.0,28.0,7.0,nan,30.0,A
41,2023-05-31T00:00:02,24.60183,-81.51716,38.0,48.4,511.0,OFFSHOREAPPAREL.COM,IMO0000000,nan,37.0,nan,6.0,3.0,nan,nan,B
42,2023-05-31T00:00:03,37.06309,-122.41594,15.1,344.3,342.0,ARROWHEAD,nan,V7KN3,37.0,0.0,28.0,6.0,nan,37.0,A
43,2023-05-31T00:00:03,25.70377,-80.25195,0.0,360.0,511.0,HAPPY TURTLE,IMO0000000,nan,37.0,nan,12.0,4.0,nan,nan,B
44,2023-05-31T00:00:04,34.15096,-76.12936,13.8,47.0,51.0,OOCL SINGAPORE,IMO9628001,VRMX7,70.0,0.0,366.0,48.0,11.7,70.0,A
45,2023-05-31T00:00:12,40.92155,-73.16757,0.0,360.0,511.0,SOUNDS GOOD,IMO0000000,nan,37.0,nan,7.0,3.0,nan,nan,B
46,2023-05-31T00:00:00,41.50475,-70.6297,13.0,297.4,294.0,WOODS HOLE,IMO9792931,WDI3700,60.0,0.0,71.0,nan,nan,60.0,A
47,2023-05-31T00:00:11,29.61277,-95.00078,0.0,96.8,89.0,NORTHERN JASPER,IMO9466960,CQIP9,70.0,5.0,333.0,43.0,14.5,70.0,A
48,2023-05-31T00:00:10,26.08566,-80.19443,0.0,316.2,511.0,LAUDERDALE LADY,IMO0000000,WDH5554,37.0,nan,0.0,0.0,nan,nan,B
49,2023-05-31T00:00:00,46.73358,-84.8679,102.3,360.0,147.0,JAMES R BARKER,IMO7390260,WYP8657,70.0,0.0,304.0,32.0,8.6,70.0,A
50,2023-05-31T00:00:01,29.6681,-91.13226,0.0,225.0,511.0,ALASKA,nan,WDD5749,90.0,3.0,67.0,17.0,nan,33.0,A
51,2023-05-31T00:00:02,41.29472,-72.90642,0.0,286.3,511.0,GREGG MCALLISTER,IMO9549542,WDE6393,31.0,0.0,23.0,10.0,nan,52.0,A
52,2023-05-31T00:00:04,29.31304,-94.79545,0.0,185.0,152.0,FELTON TIDE,IMO9533622,XCBF8,90.0,0.0,87.0,19.0,3.5,90.0,A
53,2023-05-31T00:00:04,25.80404,-80.25607,0.0,3.4,310.0,BETTY K VI,IMO8801216,HP5720,70.0,0.0,61.0,12.0,3.9,70.0,A
54,2023-05-31T00:00:05,47.33266,-122.58112,0.0,360.0,511.0,SALISH BELLE,IMO0000000,WDL8384,37.0,nan,15.0,4.0,nan,nan,B
55,2023-05-31T00:00:05,40.99863,-73.57534,4.9,97.4,511.0,CELERITAS,IMO0000000,nan,36.0,nan,10.0,3.0,nan,nan,B
56,2023-05-31T00:00:00,29.74701,-95.10047,2.1,215.5,511.0,CHERYL K,nan,WDD3191,31.0,0.0,15.0,6.0,nan,31.0,A
57,2023-05-31T00:00:00,27.84178,-83.48025,0.1,65.4,511.0,SEA EXPLORER,IMO8856297,WDI2684,30.0,4.0,23.0,6.0,nan,0.0,A
58,2023-05-31T00:00:01,42.37308,-71.04944,0.0,360.0,511.0,TIME CHECK,IMO0000000,nan,37.0,nan,13.0,4.0,nan,nan,B
59,2023-05-31T00:00:02,29.58176,-90.37769,0.0,360.0,511.0,EMILE T,IMO8956750,WCY5115,31.0,0.0,21.0,7.0,nan,31.0,A
60,2023-05-31T00:00:03,49.22201,-126.00576,17.3,123.8,511.0,EAGLE 44,IMO0000000,EAGLE44,37.0,nan,9.0,2.0,nan,nan,B
61,2023-05-31T00:00:02,18.29756,-65.30125,0.1,248.1,511.0,ATTITUDE,IMO0000000,nan,36.0,nan,11.0,4.0,nan,nan,B
62,2023-05-31T00:00:00,29.92756,-90.06136,9.4,37.7,26.0,SPIRIT,nan,WDJ5436,31.0,0.0,22.0,8.0,nan,57.0,A
63,2023-05-31T00:00:00,42.81318,-65.86933,8.7,35.0,31.0,ATLANTIC PROTECTOR,IMO9137507,VABG,30.0,0.0,40.0,11.0,5.2,30.0,A
64,2023-05-31T00:00:00,35.42285,-90.02167,3.4,69.6,511.0,KIEFFER E BAILEY,nan,WDH4584,31.0,12.0,23.0,nan,nan,57.0,A
65,2023-05-31T00:00:01,31.07041,-87.96692,3.9,327.7,326.0,AMERICAN DREAM,nan,WDH6954,31.0,12.0,21.0,nan,nan,57.0,A
66,2023-05-31T00:00:01,47.62824,-122.33503,0.0,123.3,511.0,CRESCENT MOON,IMO0000000,WDN6009,37.0,nan,22.0,5.0,nan,nan,B
67,2023-05-31T00:00:02,40.82344,-73.71251,0.1,48.2,46.0,SEAMANTHA,nan,WDG3868,37.0,15.0,17.0,5.0,nan,37.0,A
68,2023-05-31T00:00:03,34.4037,-119.69223,0.0,138.3,511.0,GLORIA MARIE,nan,WU2569,30.0,nan,14.0,4.0,nan,nan,B
69,2023-05-31T00:00:03,31.26511,-81.03404,8.0,226.2,511.0,CARESSA MAE,IMO0000000,WDK2867,30.0,nan,31.0,8.0,nan,nan,B
70,2023-05-31T00:00:04,29.87846,-89.89943,0.0,281.2,511.0,CAPT ROD II,nan,WDD5731,60.0,0.0,14.0,4.0,nan,31.0,A
71,2023-05-31T00:00:03,37.77838,-122.25584,0.7,360.0,208.0,PAIKEA,IMO0000000,WDM5178,36.0,nan,15.0,5.0,nan,nan,B
72,2023-05-31T00:00:03,29.12607,-89.40162,0.0,230.4,238.0,MISS ERIN,nan,WDG4340,31.0,0.0,16.0,6.0,nan,31.0,A
73,2023-05-31T00:00:04,29.74807,-95.09778,0.0,39.3,511.0,ILLINI COURAGE,nan,WDJ2366,31.0,0.0,18.0,7.0,nan,31.0,A
74,2023-05-31T00:00:03,27.81402,-97.41734,0.0,230.4,299.0,KYLE A SHAW,nan,WDE8068,31.0,12.0,21.0,9.0,nan,57.0,A
75,2023-05-31T00:00:16,18.28814,-65.63441,0.0,84.5,511.0,NAVA,IMO0000000,nan,37.0,nan,14.0,4.0,nan,nan,B
76,2023-05-31T00:00:14,33.7536,-118.11452,0.0,135.2,511.0,ELISA,IMO0000000,WDM8377,37.0,nan,17.0,6.0,nan,nan,B
77,2023-05-31T00:00:00,33.72874,-118.19741,4.6,166.5,163.0,PILOT BOAT ORION,nan,WDJ9306,50.0,0.0,19.0,6.0,0.0,50.0,A
78,2023-05-31T00:00:00,42.09313,-70.3706,32.3,305.9,304.0,PROVINCETOWN IV,IMO9760146,WDG8888,60.0,0.0,27.0,9.0,2.0,60.0,A
79,2023-05-31T00:00:01,29.42791,-94.71659,5.2,231.6,511.0,CAPT AL DEVALL,nan,WCW9164,31.0,0.0,16.0,6.0,nan,31.0,A
80,2023-05-31T00:00:02,29.8663,-89.93366,0.0,109.8,120.0,JUSTICE,nan,WDJ5437,31.0,5.0,23.0,9.0,nan,57.0,A
81,2023-05-31T00:00:03,29.95321,-90.01924,0.0,333.0,299.0,LIZ HEALY,IMO9840685,WDJ7456,31.0,0.0,nan,nan,nan,31.0,A
82,2023-05-31T00:00:04,40.71392,-74.03192,0.1,249.8,511.0,YORK,nan,WDF7289,60.0,0.0,21.0,7.0,nan,60.0,A
83,2023-05-31T00:00:04,41.4915,-81.71785,0.0,351.4,511.0,OHIO,nan,WDK5734,52.0,15.0,18.0,7.0,0.0,52.0,A
84,2023-05-31T00:00:07,49.28633,-123.10074,0.0,0.0,511.0,VFPA4,nan,CFK5368,53.0,0.0,13.0,3.0,1.8,53.0,A
85,2023-05-31T00:00:03,29.97212,-90.39866,0.0,237.8,345.0,KATHRYN LOUISE,nan,WDL4599,57.0,12.0,110.0,18.0,2.8,57.0,A
86,2023-05-31T00:00:05,18.19325,-65.59414,7.6,300.0,511.0,OLIVER,IMO8644357,WDF8998,31.0,0.0,30.0,12.0,3.2,31.0,A
87,2023-05-31T00:00:06,49.31127,-123.10687,0.1,170.0,511.0,SEASPAN FALCON,IMO9072393,VG6987,31.0,0.0,25.0,9.0,2.5,52.0,A
88,2023-05-31T00:00:00,29.78104,-92.18744,0.0,360.0,511.0,CHERYL ANN,nan,WDB2326,31.0,15.0,20.0,7.0,nan,52.0,A
89,2023-05-31T00:00:01,29.79204,-92.14346,0.0,30.6,511.0,LESLIE ANN,nan,WDG7689,90.0,5.0,32.0,7.0,nan,7.0,A
90,2023-05-31T00:00:02,37.80208,-122.39901,0.0,54.5,232.0,DELTA CATHRYN,IMO9562219,WDE9621,31.0,0.0,30.0,12.0,nan,52.0,A
91,2023-05-31T00:00:02,29.96989,-90.24338,0.0,306.9,288.0,SWEENEY,nan,WDH5209,31.0,12.0,23.0,nan,nan,57.0,A
92,2023-05-31T00:00:03,27.96606,-82.83232,4.4,114.2,110.0,CG VISE,nan,NVGM,90.0,3.0,22.0,6.0,nan,55.0,A
93,2023-05-31T00:00:04,39.20934,-76.51836,0.0,43.5,511.0,DALE PYATT,nan,WDJ3256,70.0,3.0,52.0,nan,nan,33.0,A
94,2023-05-31T00:00:04,29.34662,-94.77729,11.4,165.5,511.0,ROBERT C LANIER,IMO8643224,WAT3621,60.0,0.0,72.0,19.0,nan,2.0,A
95,2023-05-31T00:00:05,48.88949,-123.28109,19.1,45.2,43.0,COASTAL RENAISSANCE,IMO9332755,CFN4888,60.0,0.0,159.0,28.0,5.8,60.0,A
96,2023-05-31T00:00:05,40.5041,-80.11304,0.0,360.0,511.0,ALIQUIPPA,nan,WDI6411,31.0,15.0,31.0,8.0,nan,22.0,A
97,2023-05-31T00:00:06,29.29974,-94.83767,0.0,360.0,511.0,MARIE M MORGAN,nan,WTD8936,31.0,0.0,17.0,7.0,nan,31.0,A
98,2023-05-31T00:00:07,40.6993,-74.15042,0.0,296.6,511.0,PAUL ANDREW,nan,WCP2545,31.0,12.0,19.0,7.0,nan,52.0,A
100,2023-05-31T00:00:07,29.34568,-92.6923,0.1,33.7,131.0,KYLIE WILLIAMS,IMO9383780,WDD5998,90.0,0.0,67.0,16.0,4.9,70.0,A
101,2023-05-31T00:00:00,28.93921,-90.1864,0.7,12.0,136.0,ALASKA EAGLE,nan,WDE6364,60.0,3.0,18.0,5.0,nan,34.0,A
102,2023-05-31T00:00:01,36.88443,-76.33465,6.0,358.9,358.0,NAMAHOE,IMO9162863,WDD9321,31.0,0.0,32.0,11.0,4.5,52.0,A
103,2023-05-31T00:00:03,28.8634,-96.02814,0.0,271.5,511.0,CULLEN PASENTINE,nan,WDJ3136,31.0,12.0,nan,nan,nan,31.0,A
104,2023-05-31T00:00:04,30.27832,-91.18842,8.6,91.1,87.0,MISS ROLANETTE,nan,WDF4373,31.0,12.0,23.0,10.0,nan,57.0,A
105,2023-05-31T00:00:04,38.18983,-121.52653,0.0,360.0,511.0,LINDA T,nan,WDI9477,52.0,0.0,18.0,6.0,0.0,52.0,A
106,2023-05-31T00:00:05,30.10664,-93.28438,0.0,226.4,511.0,CRYSTAL CLEAR,nan,WDG9446,60.0,0.0,30.0,7.0,nan,60.0,A
107,2023-05-31T00:00:05,29.74309,-95.19395,3.6,243.4,242.0,MATTHEW K,IMO8962474,WCZ9961,31.0,0.0,30.0,11.0,4.5,52.0,A
108,2023-05-31T00:00:10,39.59356,-69.57018,5.4,56.5,65.0,TCZEW,IMO9727493,D5JE3,70.0,0.0,180.0,30.0,7.5,70.0,A
109,2023-05-31T00:00:09,28.3063,-96.68503,2.7,53.4,511.0,KATIE JO,nan,WDJ3493,52.0,0.0,0.0,0.0,0.0,52.0,A
110,2023-05-31T00:00:00,41.88888,-87.61147,4.9,321.0,511.0,SKYVIEW,nan,WDI9084,60.0,0.0,nan,nan,nan,60.0,A
111,2023-05-31T00:00:01,40.71012,-73.9796,2.1,226.2,76.0,TOOTH FERRY,nan,nan,60.0,0.0,26.0,10.0,0.0,60.0,A
112,2023-05-31T00:00:01,38.43823,-82.60271,4.7,168.5,170.0,R H BEYMER,nan,WDE2014,31.0,8.0,18.0,7.0,nan,52.0,A
113,2023-05-31T00:00:01,30.05872,-93.60623,4.1,89.0,94.0,COVE POINT,nan,WDC4554,31.0,12.0,21.0,9.0,nan,57.0,A
114,2023-05-31T00:00:03,41.63332,-70.90637,0.0,43.3,83.0,EAGLE,IMO8705864,WCX5125,60.0,0.0,71.0,18.0,nan,69.0,A
115,2023-05-31T00:00:04,30.03559,-90.69588,0.0,270.9,511.0,GREG TURECAMO,IMO7802653,WBN3005,31.0,0.0,33.0,10.0,4.5,52.0,A
116,2023-05-31T00:00:04,29.95984,-90.288,0.0,155.0,243.0,INEZ ANDREAS,nan,WDB7752,31.0,12.0,56.0,15.0,nan,57.0,A
117,2023-05-31T00:00:05,26.13187,-80.1153,0.6,60.6,511.0,CHAPTER 3,nan,6YVP5,37.0,0.0,37.0,8.0,3.0,37.0,A
118,2023-05-31T00:00:00,29.79102,-95.06422,0.0,209.6,302.0,ALYDAR,nan,WDF8648,31.0,0.0,18.0,7.0,nan,57.0,A
119,2023-05-31T00:00:00,43.07912,-70.7574,0.0,360.0,511.0,SAN JOSE,nan,WDI9818,31.0,0.0,nan,nan,nan,52.0,A
120,2023-05-31T00:00:01,40.58363,-73.83861,11.0,265.3,268.0,KOALAFIED CRUISER,nan,nan,60.0,0.0,29.0,9.0,0.0,60.0,A
121,2023-05-31T00:00:02,27.92236,-82.44631,0.0,250.0,45.0,TRINITY,nan,WDJ8617,52.0,0.0,32.0,14.0,6.0,52.0,A
123,2023-05-31T00:00:03,47.60997,-87.65535,11.4,106.4,106.0,JOSEPH L BLOCK,IMO7502320,WXY6216,70.0,0.0,221.0,23.0,9.2,79.0,A
124,2023-05-31T00:00:04,49.18141,-123.62287,18.5,58.0,511.0,SALISH SEA FREEDOM,nan,nan,60.0,0.0,23.0,8.0,0.0,60.0,A
125,2023-05-31T00:00:04,30.27919,-89.09164,6.7,276.2,273.0,RYAN JAMES,IMO1001276026,WDM7777,57.0,12.0,116.0,34.0,0.6,57.0,A
126,2023-05-31T00:00:05,39.89259,-75.19155,0.0,252.7,511.0,SONIE,IMO9373723,WDD2812,31.0,0.0,24.0,9.0,4.0,52.0,A
127,2023-05-31T00:00:06,30.28198,-91.20745,0.5,286.5,511.0,AVA HAYS,nan,WDG5882,31.0,15.0,17.0,7.0,nan,0.0,A
128,2023-05-31T00:00:06,29.76417,-95.09266,0.0,0.0,140.0,PINTAIL,nan,WDJ6593,31.0,0.0,17.0,8.0,nan,57.0,A
129,2023-05-31T00:00:02,41.48493,-71.31793,0.0,177.9,511.0,BOXER,nan,WDJ5325,37.0,0.0,nan,nan,nan,37.0,A
130,2023-05-31T00:00:02,29.53568,-93.66243,15.2,300.5,511.0,MISS COLETTE,IMO8977780,WDI9137,60.0,8.0,41.0,8.0,2.0,67.0,A
131,2023-05-31T00:00:04,32.64508,-78.70785,9.9,58.0,58.0,OZGUR AKSOY,IMO9475040,9HA2587,70.0,0.0,195.0,32.0,13.0,70.0,A
132,2023-05-31T00:00:05,39.89239,-75.19195,0.0,283.7,511.0,CAPT HARRY,IMO9266401,WDC3690,31.0,0.0,24.0,9.0,4.0,52.0,A
133,2023-05-31T00:00:06,26.82783,-80.05843,0.0,185.6,160.0,LONG TIME DEAD,nan,WDI8425,37.0,0.0,17.0,5.0,nan,37.0,A
134,2023-05-31T00:00:05,40.71469,-74.01758,0.5,281.4,511.0,BROOKLYN,nan,WDA8190,60.0,0.0,23.0,8.0,nan,60.0,A
135,2023-05-31T00:00:06,45.56387,-122.70971,0.0,104.3,218.0,RICHARD O,IMO7626190,WDJ7810,31.0,11.0,38.0,10.0,4.2,31.0,A
136,2023-05-31T00:00:07,29.76433,-95.0853,6.1,250.1,511.0,SUE ELLEN,nan,WDD6295,31.0,0.0,18.0,7.0,nan,57.0,A
137,2023-05-31T00:00:07,30.13626,-93.32,0.0,296.2,71.0,WICHITA,nan,WDI7437,31.0,12.0,25.0,10.0,nan,57.0,A
138,2023-05-31T00:00:02,32.83009,-79.89323,0.1,153.7,511.0,DREDGE BRUNSWICK,nan,nan,33.0,3.0,82.0,nan,nan,33.0,A
139,2023-05-31T00:00:00,37.87683,-122.41332,31.4,322.0,319.0,DEL NORTE,IMO8967838,WDC2280,60.0,0.0,41.0,11.0,1.5,40.0,A
140,2023-05-31T00:00:00,29.72644,-95.22746,0.0,198.7,87.0,ENDURANCE,IMO9632739,WDF8331,31.0,12.0,24.0,9.0,nan,57.0,A
141,2023-05-31T00:00:02,38.52605,-85.43523,0.0,360.0,511.0,JEAN N,nan,WDI2872,99.0,0.0,15.0,7.0,2.1,99.0,A
142,2023-05-31T00:00:02,29.07277,-87.82476,0.0,245.8,135.0,HOS WOODLAND,IMO9742716,WDH7001,90.0,3.0,92.0,23.0,nan,0.0,A
143,2023-05-31T00:00:04,33.74995,-118.27345,0.0,283.5,511.0,AVALON EXPRESS,IMO8967890,WDD7919,60.0,0.0,26.0,6.0,nan,40.0,A
144,2023-05-31T00:00:04,40.17855,-63.32335,11.3,265.0,266.0,WECO LUCILIA C,IMO9561813,5LBQ5,79.0,0.0,176.0,28.0,9.3,79.0,A
145,2023-05-31T00:00:05,29.05181,-95.22125,5.3,25.2,511.0,QUENTIN,nan,WDF2404,31.0,12.0,21.0,8.0,nan,57.0,A
146,2023-05-31T00:00:00,26.11246,-80.10803,0.0,266.3,511.0,SUP,nan,WDE6404,37.0,0.0,26.0,8.0,0.0,37.0,A
147,2023-05-31T00:00:00,29.78579,-95.09552,0.0,277.7,511.0,COLUMBIA,nan,WDI4276,31.0,0.0,17.0,7.0,nan,31.0,A
148,2023-05-31T00:00:02,30.74378,-88.05037,0.0,101.7,262.0,KIRSTEN GOLDING,nan,WDK5160,57.0,0.0,27.0,10.0,2.7,57.0,A
149,2023-05-31T00:00:02,39.25522,-76.55102,1.8,304.9,292.0,APRIL MORAN,IMO9373711,WDJ2163,31.0,0.0,28.0,9.0,3.4,52.0,A
150,2023-05-31T00:00:03,48.75644,-122.50404,0.0,304.5,218.0,KAREN EVICH,nan,WCZ2743,30.0,5.0,17.0,7.0,nan,0.0,A
151,2023-05-31T00:00:02,29.68608,-89.22574,8.4,175.7,511.0,SEA WASP,IMO8851651,WDJ3600,30.0,15.0,49.0,9.0,nan,30.0,A
152,2023-05-31T00:00:03,29.28469,-91.65211,3.0,284.0,511.0,MARIAH JADE,nan,WDD7234,30.0,nan,21.0,7.0,nan,nan,B
153,2023-05-31T00:00:05,42.62086,-79.81331,102.3,360.0,511.0,MISS LIBBY,nan,nan,nan,15.0,nan,nan,nan,33.0,A
154,2023-05-31T00:00:04,47.66298,-122.38851,0.0,260.1,301.0,SULTAN,IMO8861060,WAQ3510,30.0,8.0,34.0,9.0,nan,30.0,A
155,2023-05-31T00:00:00,34.57605,-121.00093,6.1,314.8,319.0,CONTI CRYSTAL,IMO9293820,5LFC6,79.0,0.0,334.0,42.0,9.4,79.0,A
156,2023-05-31T00:00:05,37.82837,-76.27844,0.0,304.6,511.0,SMUGGLER'S POINT,IMO8942759,WDD5770,30.0,15.0,53.0,9.0,nan,30.0,A
158,2023-05-31T00:00:10,46.68383,-124.80989,9.4,162.0,161.0,NORTHERN RAM,IMO8856821,WDI9045,30.0,7.0,22.0,7.0,nan,30.0,A
159,2023-05-31T00:00:02,39.24342,-76.57076,0.0,264.4,73.0,LONG ISLAND,IMO8739308,WDI4974,31.0,0.0,30.0,10.0,nan,31.0,A
160,2023-05-31T00:00:09,29.93119,-90.33296,0.2,188.9,511.0,ALLEY CAT,nan,WDC2435,31.0,0.0,20.0,7.0,nan,31.0,A
161,2023-05-31T00:00:01,30.6196,-91.2925,12.3,200.9,511.0,EDNA T GATTLE,nan,WDD2528,31.0,0.0,30.0,9.0,nan,31.0,A
162,2023-05-31T00:00:04,48.65181,-123.44714,0.0,105.4,511.0,MCINTYRE BAY,nan,nan,51.0,5.0,19.0,7.0,0.0,51.0,A
163,2023-05-31T00:00:02,39.27622,-74.43287,2.3,78.3,70.0,GO DISCOVERY,IMO1250337,WDK4727,90.0,0.0,45.0,14.0,3.0,90.0,A
164,2023-05-31T00:00:03,42.87424,-124.80378,3.9,155.8,164.0,OCEAN ROVER,IMO7303968,KRLM,30.0,0.0,77.0,16.0,8.3,30.0,A
165,2023-05-31T00:00:04,37.8283,-76.27834,0.0,272.6,34.0,REEDVILLE,nan,WDN6849,0.0,7.0,40.0,10.0,0.0,30.0,A
166,2023-05-31T00:00:00,34.44949,-120.33692,0.5,207.7,511.0,OCEAN DEFENDER,nan,WDG5405,90.0,0.0,17.0,nan,nan,54.0,A
167,2023-05-31T00:00:01,40.40912,-73.99595,0.0,210.1,511.0,SEASTREAK NEW YORK,IMO8967620,WDE3997,60.0,15.0,42.0,10.0,2.0,60.0,A
168,2023-05-31T00:00:15,29.23712,-95.21648,0.0,298.6,511.0,SQUEAK CARPENTER,IMO8635679,WDA2979,31.0,12.0,19.0,7.0,nan,57.0,A
169,2023-05-31T00:00:02,30.09017,-90.90757,0.1,188.8,511.0,DAVID J COOPER,IMO9621118,WDF9940,31.0,0.0,28.0,11.0,3.7,52.0,A
170,2023-05-31T00:00:01,40.62573,-73.28631,0.0,78.8,511.0,CHARLOTTE V,IMO8968777,WDJ6919,31.0,0.0,23.0,8.0,3.0,52.0,A
171,2023-05-31T00:00:01,29.24204,-95.01382,4.5,50.3,49.0,LILLIANNE D,nan,WDL5939,57.0,12.0,123.0,34.0,2.9,57.0,A
172,2023-05-31T00:00:02,24.12137,-81.52291,10.4,237.0,235.0,HERCA-1,IMO9148257,3E3792,70.0,0.0,98.0,14.0,4.3,70.0,A
173,2023-05-31T00:00:03,29.68076,-89.96048,0.0,82.8,511.0,AFFIRMED,nan,WDN5361,52.0,0.0,19.0,9.0,3.0,52.0,A
174,2023-05-31T00:00:04,29.11104,-80.95504,0.7,5.8,330.0,MURDEN,nan,AELE,90.0,3.0,45.0,nan,nan,33.0,A
175,2023-05-31T00:00:00,30.37383,-81.33873,8.9,342.6,339.0,ADDY LOU II,IMO8115825,WDL7793,31.0,11.0,38.0,11.0,6.0,31.0,A
176,2023-05-31T00:00:03,47.27988,-122.40012,0.0,360.0,511.0,NORTHERN LIGHT,nan,nan,37.0,nan,10.0,nan,nan,nan,B
177,2023-05-31T00:00:05,33.73185,-118.26417,0.0,211.7,221.0,CLEAN OCEAN,IMO9202352,WDE7605,90.0,0.0,44.0,10.0,3.0,90.0,A
178,2023-05-31T00:00:13,29.87546,-89.94242,0.0,163.6,127.0,CLIPPER FAIR,IMO9725744,V7A5981,79.0,1.0,200.0,33.0,11.8,79.0,A
179,2023-05-31T00:00:06,47.30469,-122.51183,0.0,147.6,511.0,COUNTING COUP,nan,nan,30.0,nan,nan,nan,nan,nan,B
180,2023-05-31T00:00:00,29.10254,-89.97798,0.0,301.4,511.0,BOBCAT,IMO9555773,WDH3238,90.0,0.0,45.0,10.0,3.0,70.0,A
181,2023-05-31T00:00:00,29.75058,-95.09985,0.1,324.8,237.0,RED RIVER,nan,WDG8366,31.0,12.0,23.0,nan,nan,52.0,A
182,2023-05-31T00:00:00,29.346,-89.49062,13.3,121.0,122.0,ANNIKA N,IMO9514054,V7A2762,70.0,0.0,190.0,33.0,12.9,70.0,A
183,2023-05-31T00:00:06,29.86326,-90.01385,5.4,208.1,208.0,MACK AMON,nan,WDM7798,31.0,0.0,26.0,10.0,3.1,31.0,A
184,2023-05-31T00:00:08,29.77699,-92.17605,0.0,67.5,511.0,FREEDOM,nan,WDC3214,31.0,0.0,23.0,8.0,nan,31.0,A
185,2023-05-31T00:00:01,29.61298,-89.89673,0.0,201.4,293.0,LES GRIMM,IMO8836687,WDG4085,31.0,0.0,39.0,11.0,nan,57.0,A
186,2023-05-31T00:00:02,27.86136,-82.55078,0.0,52.5,176.0,ATLAS,IMO9641754,WDG6819,31.0,0.0,28.0,12.0,nan,52.0,A
187,2023-05-31T00:00:01,29.75053,-92.21016,0.0,334.1,511.0,DELTA DUCK,nan,WDH7540,31.0,12.0,17.0,6.0,nan,31.0,A
188,2023-05-31T00:00:03,28.69662,-89.39598,0.0,113.0,350.0,SP_89E,nan,WRCQ766,3.0,15.0,46.0,41.0,0.0,3.0,A
189,2023-05-31T00:00:01,25.99083,-80.058,12.5,167.0,169.0,VANQUISH,IMO9375135,PHOW,70.0,0.0,99.0,15.0,5.8,79.0,A
190,2023-05-31T00:00:02,31.00555,-91.71799,0.0,250.6,86.0,KIMBERLY ANN,nan,WDI2502,31.0,12.0,28.0,9.0,nan,31.0,A
191,2023-05-31T00:00:00,35.07671,-90.12824,6.4,274.2,511.0,LARRY BARBER,nan,WDH6824,31.0,0.0,18.0,7.0,nan,52.0,A
192,2023-05-31T00:00:01,29.67209,-91.1351,0.0,282.3,511.0,REDDING C,nan,WDL7279,95.0,0.0,20.0,8.0,2.7,95.0,A
193,2023-05-31T00:00:04,30.00989,-90.78943,0.0,318.3,227.0,JOSEPH M HAMILTON,nan,WDC6517,31.0,12.0,30.0,10.0,nan,57.0,A
194,2023-05-31T00:00:01,29.25423,-89.97301,0.0,274.8,511.0,MISS CLAIRE,IMO8734310,WDD2762,60.0,0.0,47.0,8.0,nan,60.0,A
195,2023-05-31T00:00:04,27.82663,-97.16321,0.1,256.3,511.0,SEA OTTER,nan,WDH4842,31.0,0.0,20.0,nan,nan,90.0,A
196,2023-05-31T00:00:02,27.7355,-92.74143,0.0,350.2,270.0,DEEPWATER INVICTUS,IMO9620592,V7XZ7,90.0,3.0,238.0,42.0,12.0,90.0,A
197,2023-05-31T00:00:02,29.78616,-93.32646,0.0,103.5,45.0,MR J O,IMO8998174,WDH9885,60.0,0.0,48.0,9.0,nan,40.0,A
198,2023-05-31T00:00:03,44.54874,-68.80546,8.9,173.1,175.0,CAPT ARTHUR FOURNIER,IMO7303839,WDJ4116,31.0,15.0,30.0,9.0,4.3,52.0,A
199,2023-05-31T00:00:05,29.80406,-93.95519,0.3,72.7,511.0,GENERAL PATTON,nan,WDJ2788,70.0,3.0,nan,nan,nan,33.0,A
200,2023-05-31T00:00:05,26.06125,-80.13111,0.0,62.4,511.0,TRUE NORTH,nan,WDG6679,37.0,11.0,33.0,nan,nan,10.0,A
201,2023-05-31T00:00:02,47.58937,-122.37959,0.0,231.1,228.0,DOC MAYNARD,IMO8793316,WDI3125,60.0,0.0,30.0,nan,nan,60.0,A
202,2023-05-31T00:00:01,18.22981,-65.61989,0.1,241.0,34.0,SUMMER    WIND,nan,WDK2706,60.0,0.0,33.0,10.0,0.0,60.0,A
203,2023-05-31T00:00:02,40.47107,-80.04614,5.3,135.0,131.0,GALE R RHODES,IMO8199788,WDK2590,0.0,12.0,20.0,7.0,2.6,0.0,A
204,2023-05-31T00:00:03,29.51245,-92.5319,5.6,354.4,1.0,Q O DUNN,IMO7308023,WX9279,30.0,15.0,49.0,10.0,nan,30.0,A
205,2023-05-31T00:00:05,29.61486,-89.89846,5.3,125.5,511.0,RUFFIAN,nan,WDG6810,31.0,0.0,17.0,6.0,nan,31.0,A
206,2023-05-31T00:00:05,29.2574,-89.4229,0.0,317.2,511.0,268 BOOSTER,nan,WDM4409,0.0,15.0,49.0,16.0,0.0,0.0,A
207,2023-05-31T00:00:05,29.61357,-95.02045,3.2,89.6,90.0,CALIFORNIA CHROME,IMO1292966,WDM5153,56.0,5.0,22.0,9.0,2.8,56.0,A
208,2023-05-31T00:00:05,28.76416,-95.66263,0.0,360.0,511.0,CHARLIE B,nan,WDL4896,0.0,0.0,11.0,4.0,0.0,0.0,A
209,2023-05-31T00:00:11,48.50378,-122.60549,0.0,268.0,511.0,DORISS,nan,WDH7724,37.0,nan,nan,nan,nan,nan,B
210,2023-05-31T00:00:00,33.74636,-118.18172,16.4,344.8,511.0,CATALINA JET,IMO8994142,WDD8449,60.0,15.0,43.0,11.0,1.6,40.0,A
211,2023-05-31T00:00:02,36.82421,-76.28914,0.0,296.1,511.0,SUNNY WILLIAMS,nan,WDE4940,80.0,0.0,25.0,8.0,nan,80.0,A
212,2023-05-31T00:00:02,29.94417,-90.16716,8.4,41.4,511.0,LOUISIANA LADY,nan,WDB9160,31.0,12.0,28.0,9.0,nan,31.0,A
213,2023-05-31T00:00:02,26.77351,-80.05049,0.0,360.0,511.0,RICE QUARTERS,nan,ZCIP9,37.0,nan,nan,nan,nan,nan,B
214,2023-05-31T00:00:05,37.97813,-121.3821,0.6,353.4,511.0,EDWARD F ESCH,IMO8922993,WDH2318,31.0,0.0,27.0,7.0,3.3,52.0,A
215,2023-05-31T00:00:05,29.78887,-95.06367,0.0,349.4,75.0,WALKER BOONE,nan,WDN3084,52.0,5.0,22.0,10.0,0.0,52.0,A
216,2023-05-31T00:00:05,27.8757,-97.04397,0.0,323.0,182.0,FREEDOM,nan,WDG9866,31.0,5.0,25.0,nan,nan,52.0,A
217,2023-05-31T00:00:02,29.74175,-95.19983,0.0,66.5,74.0,AL CENAC,nan,WDF9939,31.0,0.0,21.0,nan,nan,52.0,A
218,2023-05-31T00:00:10,36.95211,-76.40317,0.0,339.3,166.0,DELAWARE,nan,WDM7158,33.0,15.0,87.0,62.0,0.0,33.0,A
219,2023-05-31T00:00:02,41.36837,-69.88196,8.5,130.0,511.0,MARIETTE,IMO7932173,WDG9359,30.0,nan,25.0,6.0,3.0,nan,B
220,2023-05-31T00:00:00,48.52151,-122.60634,0.0,268.8,511.0,SAN JUAN ENTERPRISE,nan,WDD9563,70.0,0.0,27.0,6.0,nan,0.0,A
221,2023-05-31T00:00:03,29.78579,-95.0953,0.0,349.5,511.0,CAPTAIN BRANTLEY,nan,WDJ9555,57.0,0.0,207.0,17.0,2.8,57.0,A
222,2023-05-31T00:00:03,30.55155,-88.02549,10.0,174.2,175.0,STEADY SARAH,IMO9604847,V7A5071,79.0,0.0,183.0,29.0,6.7,70.0,A
223,2023-05-31T00:00:03,29.94349,-90.38426,0.0,231.0,291.0,BECKY S,IMO9773612,WDH8525,31.0,0.0,30.0,nan,nan,52.0,A
224,2023-05-31T00:00:01,41.46815,-70.58889,12.6,190.7,190.0,MARTHA'S VINEYARD,IMO9103881,WCC9025,60.0,0.0,68.0,18.0,3.2,60.0,A
225,2023-05-31T00:00:01,29.7393,-95.12732,0.0,299.2,4.0,ALLIANCE,nan,WDE6033,31.0,12.0,21.0,9.0,nan,57.0,A
226,2023-05-31T00:00:02,40.64686,-74.10742,10.5,83.1,87.0,TIMOTHY L REINAUER,IMO7902049,WDE8763,31.0,0.0,38.0,10.0,4.2,57.0,A
227,2023-05-31T00:00:02,29.67628,-90.16296,0.0,64.0,511.0,BIG HORN,nan,WDL2925,52.0,0.0,16.0,7.0,3.0,52.0,A
228,2023-05-31T00:00:02,30.41228,-88.01543,8.6,7.7,8.0,COMET,IMO7726550,WDE9884,31.0,0.0,33.0,9.0,4.3,52.0,A
229,2023-05-31T00:00:03,29.95123,-90.01509,0.0,360.0,511.0,ALLISON_K,nan,nan,50.0,0.0,0.0,0.0,0.0,50.0,A
230,2023-05-31T00:00:05,32.71659,-117.20571,8.4,79.0,511.0,EBBCO,IMO7201110,WDE6293,30.0,nan,33.0,7.0,nan,nan,B
231,2023-05-31T00:00:08,30.11529,-90.9805,0.0,133.8,511.0,TEXAS,nan,WCZ9220,31.0,0.0,29.0,8.0,nan,52.0,A
232,2023-05-31T00:00:00,40.10654,-74.05028,0.0,0.0,511.0,VENGEANCE,nan,WDG3460,30.0,nan,13.0,4.0,nan,nan,B
233,2023-05-31T00:00:01,30.40124,-81.55061,0.0,283.2,511.0,VALKYRIE,nan,WDM7361,0.0,15.0,0.0,0.0,0.0,0.0,A
234,2023-05-31T00:00:02,38.53963,-90.25022,0.0,34.0,511.0,TRIPPER,nan,WDD9104,31.0,0.0,17.0,6.0,nan,31.0,A
235,2023-05-31T00:00:03,30.28603,-91.21442,7.3,121.8,123.0,KARL SENNER,nan,WDG7788,31.0,12.0,27.0,nan,nan,57.0,A
236,2023-05-31T00:00:04,25.76442,-80.14562,0.0,360.0,511.0,FLAMINGO,nan,FLAMING,69.0,0.0,30.0,16.0,0.0,69.0,A
237,2023-05-31T00:00:05,40.64143,-74.1296,0.0,215.1,100.0,LAURA K MORAN,IMO9415765,WDE3239,31.0,0.0,28.0,9.0,3.4,32.0,A
238,2023-05-31T00:00:06,36.83723,-76.27095,0.0,266.1,0.0,JACK HOLLAND,IMO8990952,WDI7153,31.0,0.0,20.0,7.0,nan,52.0,A
239,2023-05-31T00:00:07,49.11122,-123.11221,16.8,252.8,258.0,SEASPAN TRANSPORTER,IMO9886407,CFA3650,71.0,0.0,149.0,26.0,4.3,70.0,A
240,2023-05-31T00:00:07,29.54024,-89.9089,0.0,283.6,511.0,SEA MULE,nan,WDB7537,31.0,15.0,15.0,6.0,nan,52.0,A
241,2023-05-31T00:00:08,29.34837,-90.7297,0.0,264.3,511.0,MISS MARIA,nan,WDL7294,37.0,0.0,50.0,10.0,2.0,37.0,A
242,2023-05-31T00:00:01,29.37939,-94.80601,6.6,154.6,154.0,DRUE ARAMISE,nan,WDN4325,57.0,12.0,85.0,12.0,3.1,57.0,A
243,2023-05-31T00:00:00,33.84191,-118.39214,0.0,237.0,511.0,AVA FOSS,nan,WDF5779,60.0,0.0,18.0,5.0,nan,60.0,A
244,2023-05-31T00:00:01,38.45182,-85.57679,0.3,184.0,511.0,M/V MAGGIE N,nan,WDH2241,31.0,12.0,29.0,9.0,2.1,31.0,A
245,2023-05-31T00:00:03,27.82302,-97.4365,0.0,273.3,186.0,CONNOLLY M,IMO9882310,WDK7333,52.0,0.0,30.0,13.0,6.4,52.0,A
246,2023-05-31T00:00:03,41.89106,-87.60866,0.0,30.1,511.0,MARLYN,nan,WAB9757,60.0,0.0,19.0,7.0,nan,6.0,A
247,2023-05-31T00:00:00,44.06956,-67.93676,9.6,255.6,257.0,GREAT EASTERN,IMO9298739,V7HF4,80.0,0.0,182.0,27.0,11.2,89.0,A
248,2023-05-31T00:00:04,45.64357,-122.77253,7.7,217.4,220.0,SAMANTHA S,nan,WDK3055,52.0,0.0,35.0,14.0,6.3,52.0,A
249,2023-05-31T00:00:04,28.56916,-91.96597,20.6,329.7,336.0,WILDCAT,IMO9076296,WDH8013,60.0,0.0,46.0,9.0,nan,69.0,A
250,2023-05-31T00:00:00,40.44736,-80.02849,6.5,299.9,511.0,EMPRESS II,nan,WDI8992,31.0,15.0,14.0,nan,nan,99.0,A
251,2023-05-31T00:00:02,32.6198,-117.2795,3.6,274.5,288.0,A N TILLETT,IMO7829364,WDG7941,31.0,0.0,21.0,7.0,nan,31.0,A
252,2023-05-31T00:00:10,28.95758,-89.50777,0.0,252.7,304.0,KELLY MORRISON,IMO8216485,WDC7532,90.0,3.0,54.0,12.0,3.7,34.0,A
253,2023-05-31T00:00:02,26.08188,-80.11626,0.0,260.7,511.0,TATE MCALLISTER,IMO9743461,WDH7005,31.0,0.0,28.0,11.0,nan,52.0,A
254,2023-05-31T00:00:09,42.64979,-70.31098,8.1,358.3,14.0,PATUXENT,IMO9544229,WDE5805,31.0,0.0,30.0,10.0,nan,32.0,A
255,2023-05-31T00:00:00,47.60831,-122.43787,18.1,84.6,84.0,WSF WALLA WALLA,IMO7233151,WYX2158,60.0,0.0,134.0,26.0,5.2,60.0,A
256,2023-05-31T00:00:06,38.23694,-123.91935,3.5,280.2,307.0,MSC JEONGMIN,IMO9720471,CQZA,71.0,0.0,300.0,48.0,9.6,71.0,A
257,2023-05-31T00:00:03,30.72499,-88.03947,0.0,360.0,511.0,CAPTAIN JOHN G,nan,WDE9092,31.0,0.0,17.0,7.0,nan,52.0,A
258,2023-05-31T00:00:01,29.95968,-90.29109,3.6,225.6,511.0,LOUISIANA MARINER,nan,WDI8374,31.0,0.0,nan,nan,nan,31.0,A
259,2023-05-31T00:00:01,33.84264,-118.39602,4.9,137.6,511.0,BAYWATCH 17,nan,WZB9310,90.0,15.0,nan,nan,nan,50.0,A
260,2023-05-31T00:00:03,29.2223,-89.5584,8.3,263.7,511.0,SEA FALCON,IMO7534660,WDJ3928,30.0,15.0,49.0,9.0,nan,30.0,A
261,2023-05-31T00:00:03,36.85826,-76.31863,0.0,360.0,93.0,OREGON,IMO7738448,WBD9261,30.0,5.0,30.0,7.0,4.3,79.0,A
262,2023-05-31T00:00:00,36.79261,-75.73038,12.2,329.9,336.0,SEAHORSE,IMO9594456,V7GQ4,70.0,0.0,177.0,28.0,10.2,70.0,A
263,2023-05-31T00:00:06,28.73935,-93.70882,15.2,305.0,305.0,MYGAS,IMO9694397,V2GV7,89.0,0.0,146.0,22.0,6.1,89.0,A
264,2023-05-31T00:00:02,30.74258,-88.04041,5.8,12.8,12.0,THE DELTA,nan,WDG8848,31.0,0.0,16.0,6.0,nan,31.0,A
265,2023-05-31T00:00:02,28.86542,-89.56994,10.0,318.5,319.0,WEATHERBIRD II,IMO8952156,WDE9155,90.0,3.0,35.0,8.0,2.4,33.0,A
266,2023-05-31T00:00:02,29.76232,-95.1096,0.0,268.5,188.0,JOHN P PASENTINE,nan,WDD6356,31.0,0.0,26.0,9.0,nan,31.0,A
267,2023-05-31T00:00:03,41.63577,-70.90829,0.0,46.5,511.0,NORTHEAST PILOT IV,nan,WDC5192,31.0,15.0,15.0,5.0,nan,0.0,A
268,2023-05-31T00:00:04,37.97766,-121.38154,1.2,304.4,511.0,MARIN SUNSHINE,nan,WDE5919,31.0,0.0,22.0,6.0,nan,52.0,A
269,2023-05-31T00:00:04,30.04922,-90.53825,0.0,130.7,511.0,DAVID G SEHRT,nan,WDB8607,31.0,12.0,54.0,15.0,nan,52.0,A
270,2023-05-31T00:00:08,33.74025,-118.27787,0.0,11.2,180.0,HERCULES,nan,WDL5002,52.0,0.0,26.0,11.0,5.1,52.0,A
271,2023-05-31T00:00:02,47.26275,-122.35914,0.8,255.3,511.0,SPECIAL F/X,nan,WDA9954,37.0,nan,14.0,4.0,nan,nan,B
272,2023-05-31T00:00:04,32.72278,-117.22612,0.0,360.0,511.0,HORIZON,nan,WDH3298,60.0,0.0,21.0,7.0,nan,34.0,A
273,2023-05-31T00:00:03,29.98973,-90.01917,6.6,200.7,196.0,CURLIN,nan,WDL2959,57.0,0.0,204.0,12.0,3.3,52.0,A
274,2023-05-31T00:00:05,39.7175,-75.51858,0.0,340.7,511.0,MADELINE,nan,WDE3220,31.0,0.0,23.0,9.0,nan,52.0,A
275,2023-05-31T00:00:02,27.84894,-97.06291,0.1,292.0,511.0,EMMANUEL,nan,WDE6384,31.0,12.0,21.0,9.0,nan,57.0,A
276,2023-05-31T00:00:02,30.0218,-93.98767,0.0,360.0,314.0,ALLIE BROOKE DEVALL,nan,WDN2162,57.0,0.0,24.0,8.0,0.0,57.0,A
277,2023-05-31T00:00:00,26.11255,-80.10807,0.0,261.2,511.0,ALASKA MIST,IMO8836259,WDE2125,30.0,10.0,50.0,9.0,nan,37.0,A
278,2023-05-31T00:00:01,29.99642,-90.45246,6.5,100.2,99.0,RESPONDER,IMO8842234,WDN5073,52.0,0.0,20.0,8.0,3.5,52.0,A
279,2023-05-31T00:00:03,27.84397,-97.07004,0.0,287.4,511.0,CHARLES W. HEALD,nan,WDI8644,60.0,0.0,nan,nan,nan,60.0,A
280,2023-05-31T00:00:03,29.39594,-93.60575,3.1,207.6,212.0,CELSIUS CAROLINA,IMO9878723,V7A4385,84.0,0.0,299.0,46.0,9.7,84.0,A
281,2023-05-31T00:00:04,40.7105,-74.04333,0.0,199.0,293.0,CREATIVE EDGE,nan,ZJL8723,37.0,15.0,nan,nan,nan,37.0,A
282,2023-05-31T00:00:04,30.30046,-85.86279,5.3,319.1,319.0,JASON GOLDING,IMO1302229,WDL5128,57.0,12.0,211.0,16.0,3.1,57.0,A
283,2023-05-31T00:00:05,39.8045,-75.42017,7.2,235.1,511.0,ANNABELLE DOROTHY MO,IMO9650406,WDG5993,31.0,0.0,26.0,10.0,nan,57.0,A
284,2023-05-31T00:00:00,34.77997,-90.46795,4.7,323.0,330.0,MARIE HENDERICK,IMO8424147,WDH6445,31.0,12.0,46.0,13.0,nan,57.0,A
285,2023-05-31T00:00:04,27.86483,-97.2472,0.0,259.5,511.0,MASTER DYLAN,nan,WDC3472,31.0,0.0,18.0,8.0,nan,52.0,A
286,2023-05-31T00:00:04,30.91384,-91.57667,5.3,279.7,269.0,CLARENCE NIXON,nan,WDI9282,31.0,12.0,26.0,10.0,nan,57.0,A
287,2023-05-31T00:00:00,34.24461,-119.26494,0.0,358.9,511.0,ISLANDER,nan,WDA4825,60.0,0.0,19.0,7.0,nan,60.0,A
288,2023-05-31T00:00:04,25.77877,-80.18427,0.0,312.3,143.0,SEA SPIRIT,nan,WDF6023,37.0,nan,19.0,5.0,nan,nan,B
289,2023-05-31T00:00:00,29.9864,-93.90467,0.2,125.4,511.0,FATHER PAT,nan,WDG2791,31.0,12.0,23.0,nan,nan,57.0,A
290,2023-05-31T00:00:02,29.78347,-92.14551,4.3,268.8,268.0,LAURA RODGERS,nan,WDI4810,31.0,12.0,35.0,10.0,nan,57.0,A
291,2023-05-31T00:00:02,29.91997,-89.9395,0.0,146.4,277.0,KEENELAND,nan,WDL7591,57.0,12.0,20.0,9.0,3.0,52.0,A
292,2023-05-31T00:00:02,42.04623,-124.26598,0.0,3.1,511.0,INSPIRATION,nan,WDG6440,30.0,nan,21.0,nan,nan,nan,B
293,2023-05-31T00:00:03,29.6858,-91.18762,0.0,0.0,202.0,MS GERT,IMO8315736,WDG8880,90.0,8.0,51.0,12.0,3.8,39.0,A
294,2023-05-31T00:00:03,44.22966,-86.30104,0.0,323.8,346.0,MANITOWOC,IMO7366398,WDE3569,70.0,0.0,192.0,20.0,7.8,70.0,A
295,2023-05-31T00:00:01,29.76351,-95.09772,0.0,211.1,171.0,SAVAGE OUTLOOK,nan,WDG8447,31.0,12.0,20.0,nan,nan,57.0,A
296,2023-05-31T00:00:03,30.22339,-93.26517,0.0,140.2,511.0,LIBERTY,IMO8981432,WDF4885,31.0,12.0,22.0,9.0,nan,57.0,A
297,2023-05-31T00:00:04,40.64624,-74.07415,0.0,203.2,234.0,HAPPY HAULER,nan,WDJ5131,60.0,0.0,nan,nan,nan,60.0,A
298,2023-05-31T00:00:02,29.94059,-90.00837,0.0,283.9,305.0,SAN ANTONIO,nan,WDF9683,31.0,12.0,23.0,10.0,nan,57.0,A
299,2023-05-31T00:00:05,29.92637,-89.9659,0.1,288.4,511.0,SARAH PAIGE,nan,WDK3438,52.0,15.0,21.0,9.0,0.0,52.0,A
300,2023-05-31T00:00:02,37.81032,-122.37883,17.9,33.5,511.0,SAMMY J,nan,WDJ4308,60.0,0.0,16.0,6.0,0.7,60.0,A
301,2023-05-31T00:00:04,30.28305,-91.21332,2.2,302.7,301.0,EUGENIE,IMO9091260,WDF2441,31.0,12.0,29.0,9.0,nan,57.0,A
302,2023-05-31T00:00:02,30.00137,-90.83084,7.9,169.6,342.0,SAFETY GOAL,nan,WDI4828,31.0,0.0,21.0,8.0,nan,31.0,A
303,2023-05-31T00:00:05,38.2219,-85.85254,6.6,37.4,511.0,MADISEN ANN,nan,WDG3305,31.0,15.0,21.0,nan,nan,31.0,A
304,2023-05-31T00:00:04,27.81713,-97.42308,4.5,315.2,309.0,POINT ISABEL,IMO101200270,WDK6000,57.0,5.0,206.0,17.0,2.8,57.0,A
305,2023-05-31T00:00:16,49.08118,-123.7343,1.5,196.5,511.0,MAREN J,nan,nan,52.0,0.0,14.0,6.0,2.3,52.0,A
306,2023-05-31T00:00:17,29.17398,-90.24039,3.6,25.7,511.0,BAYOU LADY,nan,WDH2477,31.0,0.0,17.0,6.0,nan,31.0,A
307,2023-05-31T00:00:15,27.82465,-97.44658,0.0,271.4,5.0,CPL JACOB C LEICHT,nan,WDF9500,31.0,0.0,24.0,nan,nan,57.0,A
308,2023-05-31T00:00:01,40.10196,-74.03858,0.0,317.6,511.0,AMBER WAVES,nan,WDD3670,30.0,nan,20.0,6.0,nan,nan,B
309,2023-05-31T00:00:03,39.6975,-75.51671,7.4,199.7,511.0,LINDSEY,IMO8973021,WDC3699,31.0,0.0,21.0,9.0,nan,52.0,A
310,2023-05-31T00:00:00,39.52946,-75.81296,0.0,10.7,511.0,DE VIKING,nan,nan,37.0,nan,nan,nan,nan,nan,B
311,2023-05-31T00:00:05,30.01281,-90.75406,0.0,321.7,268.0,SAFETY QUEST,nan,WDI4834,31.0,0.0,21.0,8.0,nan,31.0,A
312,2023-05-31T00:00:00,29.86152,-89.19007,0.0,25.0,152.0,ST MATTHEW,nan,WDI7670,31.0,12.0,nan,nan,nan,57.0,A
313,2023-05-31T00:00:00,47.62869,-122.33288,0.0,360.0,511.0,OLYMPIC STAR,nan,WDF3678,60.0,0.0,24.0,6.0,nan,60.0,A
314,2023-05-31T00:00:03,33.97292,-118.45133,0.0,257.7,511.0,ANTICIPATION,nan,WCR4950,37.0,0.0,23.0,6.0,nan,99.0,A
315,2023-05-31T00:00:05,29.3314,-94.47674,1.8,161.4,148.0,SANCO SWORD,IMO9662100,ZDNE7,90.0,0.0,96.0,23.0,6.6,90.0,A
316,2023-05-31T00:00:04,40.81924,-73.88238,0.1,149.8,171.0,SARAH ANN,IMO8983117,WDF3387,31.0,5.0,23.0,7.0,nan,52.0,A
317,2023-05-31T00:00:05,40.64128,-74.12986,0.0,295.7,210.0,JRT MORAN,IMO9794707,WDI3936,31.0,0.0,27.0,nan,nan,52.0,A
318,2023-05-31T00:00:02,29.24547,-93.55717,3.7,11.9,511.0,KAREN KOBY,IMO8651324,WDF7145,31.0,0.0,29.0,8.0,3.0,31.0,A
319,2023-05-31T00:00:04,29.92994,-90.13919,11.4,181.8,181.0,KANCHANA NAREE,IMO9434735,HSCK,70.0,0.0,189.0,32.0,12.8,79.0,A
320,2023-05-31T00:00:03,40.41466,-70.79326,12.1,88.9,89.0,PACIFIC BLUE,IMO9867798,D5TH7,80.0,0.0,183.0,32.0,11.9,80.0,A
321,2023-05-31T00:00:06,28.55753,-96.84031,0.0,330.8,335.0,TUG DEVALL,nan,WDH5726,31.0,12.0,19.0,nan,nan,31.0,A
322,2023-05-31T00:00:05,29.26666,-89.33535,0.0,39.0,511.0,KATHY PAWG,nan,WDC3347,31.0,0.0,16.0,6.0,nan,57.0,A
323,2023-05-31T00:00:03,28.69054,-95.95857,0.1,341.7,241.0,ELIZABETH M ROBINSON,nan,WDH7961,31.0,0.0,33.0,nan,nan,57.0,A
324,2023-05-31T00:00:06,29.36109,-94.90565,0.0,13.4,94.0,NECHES,nan,WDC2613,31.0,0.0,18.0,7.0,nan,52.0,A
325,2023-05-31T00:00:06,27.47187,-82.69131,0.0,135.2,511.0,VERANEO,nan,nan,37.0,nan,13.0,nan,nan,nan,B
326,2023-05-31T00:00:04,45.55591,-122.33649,6.2,132.1,128.0,WILLAMETTE,IMO8972998,WDG2204,31.0,12.0,26.0,10.0,nan,57.0,A
327,2023-05-31T00:00:07,39.71634,-75.50678,8.0,7.7,12.0,SFL OTTAWA,IMO9593012,V7A5726,84.0,0.0,274.0,48.0,11.0,80.0,A
328,2023-05-31T00:00:07,29.9368,-90.33033,0.0,146.8,259.0,POINT A LA HACHE,nan,WDL2256,57.0,0.0,204.0,18.0,2.6,57.0,A
329,2023-05-31T00:00:00,29.11958,-90.19848,0.0,205.7,161.0,RENEE,IMO9704271,WDH7420,90.0,0.0,84.0,18.0,5.9,90.0,A
330,2023-05-31T00:00:06,41.62924,-70.90559,0.0,302.3,511.0,JAGUAR,nan,WSV9360,31.0,0.0,17.0,6.0,nan,31.0,A
331,2023-05-31T00:00:00,33.86961,-78.61006,0.0,296.4,511.0,THE BIG M CASINO,nan,WDD5459,60.0,15.0,42.0,11.0,nan,60.0,A
332,2023-05-31T00:00:01,30.25466,-89.18647,5.4,41.5,43.0,KEN T SMITH,nan,WDC8014,31.0,12.0,29.0,10.0,nan,57.0,A
333,2023-05-31T00:00:01,30.25188,-88.08125,0.0,267.2,511.0,SEA ANGEL,IMO9551222,WDE5879,60.0,0.0,48.0,9.0,nan,60.0,A
334,2023-05-31T00:00:01,30.37552,-91.22711,0.0,208.0,114.0,MISS RACHEL,IMO8635423,WDC2593,31.0,0.0,19.0,7.0,nan,57.0,A
335,2023-05-31T00:00:00,30.39755,-91.20725,0.0,224.6,511.0,MIKE MCCASKILL,nan,WDC3367,31.0,15.0,14.0,6.0,nan,31.0,A
336,2023-05-31T00:00:06,34.59594,-75.24366,12.8,44.7,47.0,MORNING CAROL,IMO9336086,C6DI6,70.0,0.0,200.0,32.0,9.6,70.0,A
337,2023-05-31T00:00:07,38.87974,-77.04876,2.1,145.0,511.0,A BLAST,nan,nan,37.0,nan,nan,nan,nan,nan,B
338,2023-05-31T00:00:08,26.24497,-97.58373,0.0,45.8,39.0,ISABELLA JULIETTE,IMO1326320,WDN5797,0.0,12.0,24.0,10.0,2.5,57.0,A
339,2023-05-31T00:00:01,43.7159,-124.10228,0.0,193.3,511.0,ALASKA TROJAN,IMO7933646,WTS3158,30.0,15.0,28.0,9.0,nan,30.0,A
340,2023-05-31T00:00:03,38.90231,-76.50677,0.2,12.3,511.0,TRANQUILLITY,nan,nan,37.0,0.0,nan,nan,nan,37.0,A
341,2023-05-31T00:00:01,29.48331,-93.22292,0.6,189.1,148.0,CAMERON PILOT II,nan,WDL2493,50.0,15.0,23.0,7.0,0.0,50.0,A
342,2023-05-31T00:00:05,37.81151,-122.495,13.3,251.1,249.0,DRAKE,nan,WDF2215,90.0,5.0,31.0,8.0,nan,50.0,A
343,2023-05-31T00:00:05,49.30307,-123.04913,0.0,173.3,53.0,TAI STRENGTH,IMO9881885,5LAB6,70.0,5.0,200.0,32.0,7.0,70.0,A
344,2023-05-31T00:00:02,47.6532,-122.32537,0.0,257.6,511.0,ALEUTIAN NO 1,IMO7932381,WDI9317,30.0,7.0,37.0,9.0,nan,30.0,A
345,2023-05-31T00:00:01,33.74739,-118.21565,0.1,313.0,100.0,PILOT BOAT POLARIS 3,nan,WDL7326,50.0,0.0,21.0,6.0,0.0,50.0,A
346,2023-05-31T00:00:00,29.62402,-89.91715,0.1,0.3,511.0,BARBARO,nan,WDJ8852,57.0,0.0,18.0,8.0,9.0,57.0,A
347,2023-05-31T00:00:04,46.10353,-122.9101,0.0,154.9,81.0,BRUCE M,nan,WDF2045,31.0,0.0,19.0,7.0,nan,52.0,A
348,2023-05-31T00:00:06,44.11218,-69.10162,0.0,320.5,511.0,STARLIGHT,IMO7731256,WDB8157,30.0,0.0,23.0,7.0,nan,30.0,A
349,2023-05-31T00:00:00,29.43199,-93.46963,9.1,196.3,192.0,MELINDA B ADAMS,IMO7644324,WCZ2666,90.0,0.0,50.0,10.0,3.2,90.0,A
350,2023-05-31T00:00:04,30.06001,-93.35327,0.0,283.7,511.0,MATT DEVALL,nan,WDI2079,31.0,0.0,15.0,6.0,nan,52.0,A
351,2023-05-31T00:00:00,30.05195,-90.58275,7.9,75.9,81.0,BAYOU ST.JOHN,nan,WDK8303,57.0,0.0,124.0,39.0,3.1,52.0,A
352,2023-05-31T00:00:01,29.9435,-90.17392,0.0,271.8,511.0,NATCHEZ,nan,WZC8491,60.0,0.0,71.0,12.0,nan,69.0,A
353,2023-05-31T00:00:01,36.95618,-76.05577,10.5,38.1,511.0,HAMPTON ROADS,nan,WDK3209,50.0,0.0,19.0,6.0,2.0,50.0,A
354,2023-05-31T00:00:01,30.65015,-88.05881,0.0,66.2,237.0,CG DOLPHIN,nan,NAYK,90.0,0.0,26.0,5.0,nan,55.0,A
355,2023-05-31T00:00:01,26.10799,-97.21247,6.6,153.4,152.0,BULL CALF,nan,WDF4861,31.0,0.0,23.0,9.0,nan,31.0,A
356,2023-05-31T00:00:02,30.02543,-93.99944,0.0,275.5,10.0,POLLUX,IMO7319632,NMVG,90.0,5.0,288.0,32.0,10.6,35.0,A
357,2023-05-31T00:00:04,30.02974,-93.24366,0.7,304.7,307.0,RENEE T WHATLEY,nan,WDD5243,31.0,0.0,22.0,8.0,nan,57.0,A
358,2023-05-31T00:00:05,30.28326,-91.59784,4.6,316.7,319.0,WILSEY DUPRE,nan,WDF3703,31.0,12.0,21.0,9.0,nan,57.0,A
359,2023-05-31T00:00:02,29.74016,-95.16391,0.1,360.0,511.0,CAPT JIM,nan,WDI2911,31.0,15.0,16.0,6.0,nan,52.0,A
360,2023-05-31T00:00:03,29.66663,-91.09842,0.0,281.2,511.0,FMS EAGLE,IMO8203074,WDG8660,90.0,0.0,52.0,12.0,3.7,20.0,A
361,2023-05-31T00:00:03,29.68286,-91.17853,1.1,91.2,511.0,MISS ELIZABETH,IMO7906851,WDG9553,31.0,0.0,25.0,8.0,2.9,22.0,A
362,2023-05-31T00:00:04,42.0267,-82.73431,0.0,300.8,307.0,CUYAHOGA,IMO5166392,CFG6460,70.0,2.0,184.0,18.0,7.6,70.0,A
363,2023-05-31T00:00:04,27.84795,-97.06197,0.0,57.5,511.0,MISS DARIAN,nan,WDC7675,31.0,12.0,19.0,7.0,nan,57.0,A
364,2023-05-31T00:00:05,46.75389,-92.09401,0.0,360.0,511.0,MISSOURI,nan,WAI9279,31.0,0.0,26.0,7.0,nan,52.0,A
365,2023-05-31T00:00:05,38.96846,-74.95903,0.0,159.5,217.0,LYNNE FRINK,IMO8978459,WCC8505,90.0,5.0,33.0,7.0,2.9,7.0,A
366,2023-05-31T00:00:05,41.79808,-63.9599,18.7,66.0,68.0,SEATRADE BLUE,IMO9756107,D5LS3,70.0,0.0,nan,nan,nan,79.0,A
367,2023-05-31T00:00:01,46.20033,-123.38575,0.0,267.7,142.0,ALASKA CHALLENGER,IMO7938024,WDH9586,30.0,15.0,30.0,7.0,nan,30.0,A
368,2023-05-31T00:00:05,41.6418,-70.92133,0.0,233.8,511.0,REALIST,IMO8841814,WDH6772,31.0,0.0,26.0,7.0,3.0,31.0,A
369,2023-05-31T00:00:01,29.72831,-95.02497,9.8,314.9,308.0,ROBERT J SHEA,nan,WDH7341,31.0,0.0,25.0,nan,nan,57.0,A
370,2023-05-31T00:00:02,35.08308,-90.14161,0.0,279.5,511.0,JOY WEPFER,nan,WDH9126,31.0,0.0,16.0,nan,nan,31.0,A
371,2023-05-31T00:00:05,26.62455,-79.30077,2.0,334.1,153.0,GSL VIOLETTA,IMO9214202,5LAQ9,4.0,0.0,279.0,40.0,12.4,4.0,A
372,2023-05-31T00:00:01,40.74588,-73.9597,1.1,210.5,511.0,NYPD 455,nan,WDJ7710,55.0,0.0,14.0,6.0,0.0,55.0,A
373,2023-05-31T00:00:03,29.72482,-95.22443,0.0,191.5,180.0,ROAN,IMO102000000,WDJ7728,57.0,0.0,114.0,34.0,3.1,52.0,A
374,2023-05-31T00:00:03,42.98369,-82.40972,0.0,21.6,511.0,PRIDE,nan,CFN6705,31.0,0.0,nan,nan,nan,52.0,A
375,2023-05-31T00:00:04,25.7762,-80.18041,0.0,319.6,142.0,FLORIDA RESPONDER,IMO9043847,WBO8586,90.0,5.0,63.0,13.0,4.4,54.0,A
376,2023-05-31T00:00:06,35.90949,-75.49568,8.5,150.4,154.0,EAST COAST,IMO8201090,WBI4636,31.0,12.0,36.0,9.0,4.2,52.0,A
377,2023-05-31T00:00:06,38.58872,-90.19783,0.0,34.8,511.0,TAMMY LYNN,nan,WDL6276,31.0,0.0,22.0,8.0,3.0,31.0,A
378,2023-05-31T00:00:08,29.92413,-90.06135,0.1,282.7,511.0,STEPHANIE STONE,nan,WDC7674,31.0,0.0,23.0,9.0,nan,36.0,A
379,2023-05-31T00:00:00,18.21623,-65.53022,14.8,79.2,79.0,CAYO LARGO,IMO9535113,WDE5350,60.0,0.0,50.0,14.0,2.1,0.0,A
380,2023-05-31T00:00:01,38.27287,-85.71747,0.0,0.0,56.0,KELLE B,nan,WDH3391,31.0,12.0,21.0,nan,nan,31.0,A
381,2023-05-31T00:00:01,38.57536,-90.2193,0.0,360.0,511.0,MIRANDA PAIGE,IMO8976578,WDF7156,31.0,0.0,21.0,9.0,nan,31.0,A
382,2023-05-31T00:00:01,30.08558,-90.91157,0.0,254.4,345.0,SARAH GOLDING,nan,WDH4635,31.0,12.0,22.0,nan,nan,57.0,A
383,2023-05-31T00:00:02,29.66118,-91.09898,0.0,334.9,274.0,CAPT LATHAM,IMO8109735,WDH4276,31.0,5.0,38.0,12.0,5.6,52.0,A
384,2023-05-31T00:00:09,30.25181,-88.08105,0.0,248.9,511.0,MS JOY,IMO8964240,WCY2036,60.0,0.0,42.0,9.0,2.2,60.0,A
385,2023-05-31T00:00:03,34.3896,-120.79412,10.8,107.1,109.0,KEY WEST,IMO9726176,VRQK2,70.0,0.0,nan,nan,nan,70.0,A
386,2023-05-31T00:00:09,41.38074,-71.51235,0.0,65.4,511.0,REDEMPTION,IMO8992431,WDG3539,30.0,nan,25.0,8.0,nan,nan,B
387,2023-05-31T00:00:06,30.15791,-91.39529,0.0,60.0,511.0,BLR GENERAL,IMO0000900,WDL8844,31.0,15.0,0.0,0.0,0.0,31.0,A
388,2023-05-31T00:00:08,29.77228,-95.07835,0.1,228.2,511.0,BRIANNA ELIZABETH,nan,WDH8320,31.0,12.0,21.0,nan,nan,57.0,A
389,2023-05-31T00:00:17,47.64784,-122.32841,6.1,27.9,511.0,OFF COURSE,nan,nan,37.0,0.0,17.0,5.0,1.3,37.0,A
390,2023-05-31T00:00:00,29.6671,-89.95581,0.0,183.8,182.0,COUNT FLEET,nan,WDK9770,57.0,12.0,141.0,11.0,3.1,57.0,A
391,2023-05-31T00:00:00,29.22988,-90.21297,0.0,271.8,511.0,GROUPER,IMO7947661,WDH5317,90.0,5.0,21.0,9.0,nan,52.0,A
392,2023-05-31T00:00:00,29.92474,-90.06044,0.0,112.4,511.0,STONE POWER,IMO8992584,WBF2379,31.0,0.0,21.0,7.0,nan,57.0,A
393,2023-05-31T00:00:01,25.43195,-79.78631,17.5,18.5,20.0,SERENADE OF THE SEAS,IMO9228344,C6FV8,60.0,0.0,293.0,32.0,8.5,69.0,A
394,2023-05-31T00:00:04,41.73755,-70.62465,0.0,346.0,47.0,ANDREW MCALLISTER,IMO9424950,WDE5582,31.0,0.0,29.0,10.0,3.7,52.0,A
395,2023-05-31T00:00:00,40.54384,-74.25314,0.0,180.0,179.0,CHARLES HUGHES,IMO1294624,WDM5939,52.0,0.0,29.0,10.0,3.1,52.0,A
396,2023-05-31T00:00:00,29.23982,-89.30366,11.0,314.5,316.0,ALCOR,IMO9767314,C6CI9,70.0,0.0,181.0,nan,nan,70.0,A
397,2023-05-31T00:00:02,30.01806,-94.01588,7.3,285.9,511.0,ELEANOR F MORAN,IMO9415753,WDD5824,31.0,0.0,28.0,9.0,3.4,52.0,A
398,2023-05-31T00:00:02,30.04816,-90.58308,0.0,0.0,511.0,FUEL LEADER,nan,WBS3208,31.0,12.0,17.0,6.0,nan,52.0,A
399,2023-05-31T00:00:02,47.65881,-122.38021,0.0,314.2,511.0,BERING STAR,IMO7816769,WSX5188,30.0,15.0,32.0,8.0,nan,30.0,A
400,2023-05-31T00:00:02,45.84275,-84.42343,5.7,91.1,89.0,VICTORY I,IMO9213129,C6YZ9,60.0,0.0,91.0,15.0,3.8,60.0,A
401,2023-05-31T00:00:04,30.34466,-91.19077,0.1,221.2,511.0,HURLEY PIPELINE,nan,AEQD,33.0,3.0,4.0,4.0,1.0,33.0,A
402,2023-05-31T00:00:03,29.72736,-95.02193,0.0,246.5,36.0,JOE LOCHRICO,nan,WDJ3868,31.0,12.0,nan,nan,nan,57.0,A
403,2023-05-31T00:00:00,48.35392,-89.22854,0.0,44.0,289.0,ALGOMA HARVESTER,IMO9613939,XJBK,70.0,0.0,222.0,23.0,14.7,70.0,A
404,2023-05-31T00:00:04,43.88127,-76.85541,6.9,53.8,52.0,MOLLY M I,IMO5118838,CYKB,31.0,0.0,30.0,8.0,3.2,0.0,A
405,2023-05-31T00:00:04,47.60151,-122.42501,17.7,264.4,263.0,WSF TACOMA,IMO9133977,WCX9244,60.0,0.0,138.0,27.0,5.3,60.0,A
406,2023-05-31T00:00:05,33.72238,-118.26218,12.0,165.4,511.0,GLADYS S,nan,WDB9526,60.0,0.0,27.0,6.0,nan,35.0,A
407,2023-05-31T00:00:04,32.17323,-79.46254,6.6,47.0,46.0,NANCY FOSTER,IMO8993227,WTER,90.0,0.0,57.0,12.0,3.0,90.0,A
408,2023-05-31T00:00:05,30.01639,-88.38511,11.8,315.5,313.0,EPIC BALI,IMO9519523,9V2988,80.0,0.0,117.0,18.0,6.8,83.0,A
409,2023-05-31T00:00:03,27.89508,-97.04985,5.4,348.3,353.0,RONNIE ROGERS,nan,WDD2270,31.0,12.0,26.0,9.0,nan,31.0,A
410,2023-05-31T00:00:07,47.34481,-122.53513,9.6,359.9,0.0,PROTECTOR,IMO9139828,WCY2824,31.0,0.0,36.0,12.0,6.0,52.0,A
411,2023-05-31T00:00:16,30.1045,-93.2866,0.0,119.7,511.0,CAPT ROBB,nan,WDK9906,52.0,0.0,30.0,10.0,5.5,52.0,A
412,2023-05-31T00:00:07,29.10484,-89.27372,9.2,204.4,203.0,STONE EXPLORER,nan,WDC9954,31.0,0.0,28.0,9.0,nan,71.0,A
413,2023-05-31T00:00:01,38.59157,-90.19594,0.0,336.5,39.0,RIVER ADDYSON,nan,WDH3750,31.0,12.0,56.0,13.0,nan,31.0,A
414,2023-05-31T00:00:03,47.66365,-122.39062,0.0,29.4,511.0,BLUE ATTU,IMO8124230,WDA3556,30.0,0.0,28.0,9.0,3.9,30.0,A
415,2023-05-31T00:00:03,29.93559,-89.98984,0.0,228.6,302.0,AMERICAN PHAROAH,IMO8850982,WDJ3351,31.0,12.0,32.0,10.0,nan,57.0,A
416,2023-05-31T00:00:01,30.10413,-90.95509,0.0,157.3,252.0,FRANCES M DEVALL,nan,WQZ6719,31.0,0.0,19.0,7.0,nan,31.0,A
417,2023-05-31T00:00:08,28.89056,-89.87014,11.9,348.6,511.0,MR VICK,IMO8983258,WDB5123,90.0,0.0,35.0,9.0,nan,90.0,A
418,2023-05-31T00:00:01,48.12419,-123.45048,0.1,360.0,511.0,FALCON ARROW,nan,nan,99.0,15.0,20.0,4.0,0.0,99.0,A
419,2023-05-31T00:00:02,40.66885,-74.04106,0.0,230.8,511.0,J GEORGE BETZ,IMO9137325,WDI5060,31.0,0.0,38.0,11.0,5.9,31.0,A
420,2023-05-31T00:00:00,38.95878,-74.87784,0.0,360.0,511.0,FREEDOM,nan,WDJ8477,30.0,0.0,40.0,10.0,4.2,30.0,A
421,2023-05-31T00:00:00,27.2043,-82.8691,7.4,340.6,511.0,JESSICA MARIE,nan,WDH7241,30.0,0.0,19.0,nan,nan,33.0,A
422,2023-05-31T00:00:00,30.42129,-88.89072,6.5,118.1,129.0,ANDY MAC,IMO1332162,WDN5359,57.0,15.0,37.0,10.0,0.0,57.0,A
423,2023-05-31T00:00:01,27.9226,-82.44633,0.0,274.8,47.0,APOLLO,IMO9703289,WDG8962,31.0,0.0,28.0,12.0,5.2,52.0,A
424,2023-05-31T00:00:01,26.32706,-97.17433,7.4,349.7,511.0,DOUGLAS B,nan,WDH8545,31.0,15.0,19.0,7.0,nan,31.0,A
425,2023-05-31T00:00:02,43.71369,-124.10139,0.0,295.7,511.0,FOXY LADY,IMO8964563,WDL5479,30.0,0.0,39.0,10.0,3.0,30.0,A
426,2023-05-31T00:00:02,30.04383,-90.47308,0.0,146.4,511.0,ROCK SOLID,nan,WDL8951,31.0,13.0,0.0,0.0,0.0,31.0,A
427,2023-05-31T00:00:02,29.11824,-90.19776,0.0,185.7,511.0,SUN DAY,nan,WDC8625,60.0,0.0,31.0,7.0,nan,50.0,A
428,2023-05-31T00:00:03,24.85411,-79.6158,9.9,197.2,196.0,FRONT OCELOT,IMO9726580,V7PD6,80.0,0.0,252.0,44.0,8.7,80.0,A
429,2023-05-31T00:00:02,41.88928,-87.62479,0.0,53.1,511.0,LILA,nan,WDG2997,60.0,0.0,26.0,nan,nan,60.0,A
430,2023-05-31T00:00:07,29.5949,-90.66366,0.0,360.0,511.0,LOW LAND 5,nan,WDG8156,31.0,0.0,13.0,5.0,nan,99.0,A
431,2023-05-31T00:00:07,34.13952,-77.12197,5.5,29.6,511.0,LIBERTY CLIPPER,nan,WDE9221,60.0,nan,24.0,7.0,nan,nan,B
432,2023-05-31T00:00:02,41.69526,-71.18116,0.0,240.1,223.0,BUCKLEY MCALLISTER,IMO9665449,WDH4370,31.0,0.0,29.0,10.0,nan,52.0,A
433,2023-05-31T00:00:03,30.39799,-81.62286,0.0,280.3,511.0,VIRGINIAN,nan,WDF6332,90.0,3.0,54.0,18.0,nan,33.0,A
434,2023-05-31T00:00:07,38.65768,-76.52833,0.0,197.5,511.0,NRL/MRC 4,nan,nan,35.0,0.0,nan,nan,nan,35.0,A
435,2023-05-31T00:00:02,39.94162,-75.14102,0.0,360.0,511.0,RENDEZVOUS,nan,WDH8534,60.0,0.0,28.0,7.0,nan,99.0,A
437,2023-05-31T00:00:04,29.9198,-89.93463,0.0,263.7,511.0,GALLANT FOX,nan,WDI6731,31.0,0.0,20.0,7.0,nan,31.0,A
438,2023-05-31T00:00:03,33.61159,-117.90101,0.0,288.8,511.0,ESOTERIC,nan,WDD7687,37.0,0.0,23.0,6.0,nan,37.0,A
439,2023-05-31T00:00:05,29.79016,-95.07983,0.0,253.3,328.0,MISS BOBBIE FUGIT,nan,WDC6509,31.0,0.0,25.0,9.0,nan,52.0,A
440,2023-05-31T00:00:03,37.79382,-122.28242,8.7,269.7,267.0,CARINA,nan,WDK5289,60.0,5.0,42.0,12.0,2.5,60.0,A
441,2023-05-31T00:00:16,33.72674,-118.06497,0.0,134.6,511.0,WHITE SHARK,nan,WDG8183,37.0,nan,14.0,nan,nan,nan,B
442,2023-05-31T00:00:13,49.15122,-123.32558,10.8,181.7,177.0,OCEAN KITSILANO,IMO9833620,nan,52.0,5.0,28.0,13.0,6.1,52.0,A
443,2023-05-31T00:00:03,27.82013,-97.43164,0.2,247.8,293.0,TERRY H,nan,WDH9116,31.0,12.0,25.0,nan,nan,57.0,A
444,2023-05-31T00:00:01,45.84786,-84.61777,0.0,360.0,511.0,CAPT SHEPLER,nan,WDI6759,60.0,15.0,22.0,nan,nan,60.0,A
445,2023-05-31T00:00:06,29.00097,-89.8601,3.6,179.1,511.0,MS CHRISTINE,IMO9117026,WDI6837,60.0,0.0,46.0,9.0,nan,0.0,A
446,2023-05-31T00:00:06,47.82887,-125.13925,6.7,348.0,348.0,LISA MELINDA,IMO7732690,WYC3746,30.0,0.0,21.0,6.0,nan,30.0,A
447,2023-05-31T00:00:00,36.94291,-76.03349,22.9,249.8,511.0,SUSQUEHANNA,nan,WDL8747,50.0,15.0,18.0,6.0,0.0,50.0,A
448,2023-05-31T00:00:01,41.09009,-72.863,10.6,78.8,77.0,M/Y 44 NORTH,nan,nan,37.0,0.0,0.0,0.0,1.5,37.0,A
449,2023-05-31T00:00:05,24.73807,-79.71363,11.7,229.0,226.0,DANK SILVER,IMO9718806,V7NT6,80.0,0.0,183.0,nan,nan,80.0,A
450,2023-05-31T00:00:03,47.57936,-124.86649,0.5,164.9,511.0,PACIFIC CONQUEST,nan,WDD5675,30.0,nan,15.0,6.0,nan,nan,B
451,2023-05-31T00:00:03,29.70653,-95.04753,0.0,209.4,290.0,ANNIE JEANNE,IMO8644474,WDB2357,31.0,12.0,17.0,7.0,nan,57.0,A
452,2023-05-31T00:00:07,45.64746,-122.73984,0.0,233.4,109.0,THE CHIEF,nan,WDC5829,31.0,5.0,34.0,12.0,nan,52.0,A
453,2023-05-31T00:00:03,47.63293,-122.33919,0.0,360.0,511.0,SANCTUARY,IMO0000000,WDM5852,37.0,nan,23.0,6.0,nan,nan,B
454,2023-05-31T00:00:00,29.12077,-90.20808,0.0,162.1,162.0,HARVEY HERMES,IMO9787314,KHGP,90.0,0.0,85.0,18.0,5.5,90.0,A
455,2023-05-31T00:00:04,27.82698,-97.16069,0.0,184.7,511.0,MR ROLAND,nan,WDG6848,31.0,0.0,19.0,7.0,nan,99.0,A
456,2023-05-31T00:00:01,28.97986,-91.48489,0.3,360.0,511.0,TENNER C,IMO7046120,WDI3314,31.0,11.0,29.0,8.0,3.6,31.0,A
457,2023-05-31T00:00:02,38.7825,-75.12017,0.1,301.1,511.0,PILOT PHILADELPHIA,nan,WDD4171,50.0,15.0,12.0,4.0,0.0,50.0,A
458,2023-05-31T00:00:09,46.15716,-123.40243,0.0,296.7,511.0,MARY B,nan,WDD9748,31.0,0.0,18.0,6.0,nan,31.0,A
459,2023-05-31T00:00:04,28.8806,-93.92733,13.6,306.2,307.0,BOTHNIA,IMO9229087,PHAC,74.0,0.0,120.0,15.0,5.8,70.0,A
460,2023-05-31T00:00:05,29.7636,-95.09805,0.0,268.5,511.0,NITA E,nan,WTH5609,31.0,12.0,16.0,5.0,nan,31.0,A
461,2023-05-31T00:00:04,30.09189,-94.08804,0.0,256.7,511.0,SEA WOLF,nan,WDD9887,31.0,0.0,15.0,6.0,nan,31.0,A
462,2023-05-31T00:00:05,29.94572,-90.17173,0.0,270.5,511.0,NAVIGATOR,nan,WDI9407,31.0,0.0,30.0,9.0,nan,21.0,A
463,2023-05-31T00:00:06,30.04721,-90.65318,0.1,283.9,511.0,MADELEINE MICHELLE,nan,WDA5462,31.0,15.0,18.0,7.0,nan,31.0,A
464,2023-05-31T00:00:05,40.66839,-74.00228,0.0,351.4,511.0,BROOKLYN,IMO9265718,WDJ8046,31.0,0.0,25.0,7.0,nan,31.0,A
465,2023-05-31T00:00:07,48.13556,-123.39279,12.3,92.1,88.0,JUAN DE FUCA,nan,WDA5852,30.0,5.0,22.0,6.0,nan,50.0,A
466,2023-05-31T00:00:08,40.64044,-74.16348,0.0,116.6,178.0,MARJORIE B MCALLISTE,IMO7391020,WDD6957,31.0,0.0,32.0,9.0,3.9,52.0,A
467,2023-05-31T00:00:00,30.6549,-88.04719,0.0,242.9,511.0,MISS MARION,nan,WDI5380,31.0,15.0,15.0,6.0,nan,0.0,A
468,2023-05-31T00:00:00,32.6865,-117.13307,0.0,192.7,511.0,C-TRACTOR 11,IMO8875451,WCO3211,31.0,15.0,27.0,10.0,3.4,52.0,A
469,2023-05-31T00:00:00,30.05931,-93.50688,6.6,86.0,511.0,CROSBY EXPLORER,nan,WDA3940,31.0,12.0,18.0,7.0,nan,31.0,A
470,2023-05-31T00:00:06,28.58615,-96.18703,6.5,214.7,211.0,FINLI RYANNE,nan,WDI3954,31.0,0.0,19.0,nan,nan,10.0,A
471,2023-05-31T00:00:00,29.67116,-93.23417,15.1,123.4,511.0,MR RIDGE,IMO0001452,WDJ9621,39.0,0.0,59.0,9.0,2.0,39.0,A
472,2023-05-31T00:00:01,29.33382,-89.98502,3.0,171.3,511.0,ANNETTE CENAC,nan,WDC4233,31.0,12.0,18.0,7.0,nan,52.0,A
473,2023-05-31T00:00:01,30.03271,-90.61077,3.3,230.9,511.0,DANE WISE,nan,WDH5249,31.0,0.0,19.0,nan,nan,22.0,A
474,2023-05-31T00:00:02,38.53747,-90.25132,0.2,46.7,104.0,THERESA ANN,nan,WDD9115,31.0,12.0,17.0,6.0,nan,52.0,A
475,2023-05-31T00:00:01,29.69674,-90.17876,7.8,37.3,37.0,BERING,IMO9678006,WDG5873,90.0,0.0,59.0,12.0,3.6,70.0,A
476,2023-05-31T00:00:03,43.65583,-70.24787,5.0,320.9,511.0,MAQUOIT II,nan,WCK3223,60.0,15.0,27.0,nan,nan,69.0,A
477,2023-05-31T00:00:03,34.72005,-76.69472,0.0,313.8,511.0,FORT MACON,IMO5238779,WDF6773,31.0,0.0,26.0,7.0,3.1,52.0,A
478,2023-05-31T00:00:02,44.92642,-86.84888,11.6,204.9,202.0,AMERICAN INTEGRITY,IMO7514696,WDD2875,70.0,0.0,304.0,32.0,10.4,70.0,A
479,2023-05-31T00:00:04,38.27188,-85.78028,0.0,263.2,321.0,SARAH HUNTER,nan,WDE7247,31.0,12.0,40.0,11.0,nan,32.0,A
480,2023-05-31T00:00:00,29.58779,-94.93961,6.3,146.5,136.0,INTRA REBEL,nan,WDL6925,57.0,0.0,82.0,23.0,3.2,57.0,A
481,2023-05-31T00:00:03,28.40801,-80.63039,0.0,205.2,511.0,MON SHERI,nan,WDI2191,37.0,nan,29.0,nan,nan,nan,B
482,2023-05-31T00:00:01,34.03295,-120.30249,0.5,68.9,511.0,RANGER 85,nan,WDJ3240,60.0,0.0,25.0,6.0,nan,60.0,A
483,2023-05-31T00:00:04,49.29052,-123.06031,0.1,327.2,49.0,SMIT SABA,IMO9476379,CFN6721,31.0,0.0,28.0,10.0,4.8,52.0,A
484,2023-05-31T00:00:02,30.39775,-91.20685,0.0,136.9,511.0,MARY BURKE LILES,IMO8971085,WCY8041,31.0,12.0,27.0,9.0,nan,57.0,A
485,2023-05-31T00:00:05,37.92335,-122.36701,0.0,288.2,511.0,EINAR,nan,WDE7163,70.0,15.0,nan,nan,nan,90.0,A
486,2023-05-31T00:00:06,49.27519,-123.187,0.0,314.9,511.0,STRUM,nan,nan,37.0,nan,15.0,nan,nan,nan,B
487,2023-05-31T00:00:12,47.65606,-122.37887,0.1,288.7,181.0,POLAR LADY,IMO7947659,WDI2229,30.0,0.0,25.0,8.0,nan,30.0,A
488,2023-05-31T00:00:06,29.05793,-88.96461,0.0,348.2,260.0,GO GLORY,IMO8998112,WDN3240,70.0,0.0,43.0,12.0,3.0,70.0,A
489,2023-05-31T00:00:00,29.35971,-94.78066,9.1,212.4,511.0,RAY STOKER; JR,IMO9158719,WDJ3395,60.0,0.0,80.0,19.0,nan,60.0,A
490,2023-05-31T00:00:02,40.40897,-71.53108,8.6,17.0,34.0,BENTHIC HARVESTER,IMO7228455,WDN4781,30.0,5.0,34.0,10.0,5.0,30.0,A
491,2023-05-31T00:00:01,28.93742,-95.33661,0.0,239.2,107.0,ELLIS DAVIS,nan,WDF3114,31.0,12.0,23.0,10.0,nan,57.0,A
492,2023-05-31T00:00:01,41.16407,-70.46514,0.1,229.5,247.0,ORION,IMO9825453,ORMB,90.0,3.0,215.0,50.0,10.7,90.0,A
493,2023-05-31T00:00:02,38.52347,-90.2661,0.0,284.3,511.0,CHARLIE NEWTON,nan,WDF6561,31.0,0.0,18.0,7.0,nan,31.0,A
494,2023-05-31T00:00:02,29.77476,-95.10095,0.0,330.7,265.0,SAN JOAQUIN,nan,WDA6619,31.0,12.0,22.0,9.0,nan,57.0,A
495,2023-05-31T00:00:03,29.78415,-95.09686,0.0,360.0,511.0,JOEY JOHN,nan,WDH7975,31.0,6.0,19.0,7.0,nan,52.0,A
496,2023-05-31T00:00:02,48.82603,-122.71963,0.0,21.6,197.0,LINDA LEE BOUCHARD,IMO9405394,WDD4370,31.0,0.0,39.0,11.0,5.5,31.0,A
497,2023-05-31T00:00:04,29.13311,-90.2188,0.0,47.7,167.0,CAPE HORN,IMO9744611,WDH4474,90.0,0.0,65.0,14.0,4.0,90.0,A
498,2023-05-31T00:00:04,29.73113,-95.0496,0.0,248.1,211.0,SAN KENNEDY,nan,WDE2882,31.0,0.0,18.0,7.0,nan,57.0,A
499,2023-05-31T00:00:06,28.4687,-96.00882,5.0,276.0,511.0,GO QUEST,IMO8987876,WDG7201,90.0,3.0,44.0,10.0,2.3,70.0,A
500,2023-05-31T00:00:00,35.05576,-75.91102,6.3,235.9,231.0,SHANNON DANN,IMO7207748,WCD6367,31.0,0.0,28.0,9.0,3.9,52.0,A
501,2023-05-31T00:00:04,31.17853,-87.94468,0.0,221.5,9.0,SUSANNAH V GRIFFIN,nan,WDI5498,31.0,12.0,22.0,nan,nan,57.0,A
502,2023-05-31T00:00:06,29.84518,-91.90839,7.1,269.8,511.0,EMILY P SETTOON,nan,WDD4736,31.0,0.0,16.0,7.0,nan,90.0,A
504,2023-05-31T00:00:01,29.17904,-89.25809,0.5,123.7,247.0,RIVER PILOT,nan,WDG5036,50.0,15.0,nan,nan,nan,50.0,A
505,2023-05-31T00:00:03,42.24563,-70.58375,9.1,165.7,162.0,AMERICN CONSTITUTION,nan,WDJ9210,60.0,0.0,85.0,17.0,3.0,60.0,A
506,2023-05-31T00:00:05,28.96314,-94.72783,8.8,245.8,245.0,GULF VENTURE,IMO977659700,WDK7433,52.0,1.0,152.0,23.0,25.5,52.0,A
507,2023-05-31T00:00:05,39.89852,-75.21323,0.0,296.0,511.0,HIGH ROLLER,IMO7045970,WDD2839,31.0,0.0,28.0,8.0,4.2,52.0,A
508,2023-05-31T00:00:03,30.38832,-81.54597,0.0,247.2,511.0,HARRIET MORAN,IMO7713498,WXT3652,31.0,0.0,30.0,8.0,4.0,52.0,A
509,2023-05-31T00:00:05,30.35789,-88.50578,0.0,360.0,511.0,MADISON GAIL,nan,WDG9129,60.0,0.0,22.0,5.0,nan,60.0,A
510,2023-05-31T00:00:09,29.14608,-90.21129,0.0,14.9,331.0,FAST LION,IMO9772967,WDJ3848,60.0,0.0,58.0,nan,nan,90.0,A
511,2023-05-31T00:00:05,38.5385,-90.25599,0.0,360.0,511.0,CARRIE ELIZABETH,IMO0599138,WDN4132,52.0,0.0,20.0,8.0,0.0,52.0,A
512,2023-05-31T00:00:08,30.23986,-91.12499,0.0,265.6,340.0,LAURA TAMBLE,IMO5033399,WCY8150,31.0,0.0,43.0,10.0,nan,0.0,A
513,2023-05-31T00:00:07,38.53992,-90.24981,0.0,72.2,511.0,INGRAM DUPO,nan,0000000,90.0,15.0,52.0,14.0,3.3,90.0,A
514,2023-05-31T00:00:18,29.12201,-90.20624,0.0,360.0,357.0,CROSBY CRUSADER,IMO8964616,WCZ3649,31.0,5.0,30.0,9.0,3.9,52.0,A
515,2023-05-31T00:00:18,41.12884,-70.56351,9.0,126.6,511.0,CHALLENGE,IMO7743534,WDD5648,30.0,nan,19.0,6.0,nan,nan,B
516,2023-05-31T00:00:04,49.29635,-122.94495,8.6,275.4,275.0,ISLAND RAIDER,IMO9802360,CFA2784,52.0,15.0,25.0,12.0,4.0,52.0,A
517,2023-05-31T00:00:08,47.66351,-122.39233,0.0,105.0,359.0,FRONTIER SPIRIT,IMO8907151,WDE8674,30.0,0.0,41.0,9.0,nan,30.0,A
518,2023-05-31T00:00:00,48.95027,-125.55729,0.0,301.3,85.0,PACIFIC LEGACY NO 1,IMO9211810,CFA3064,30.0,0.0,37.0,10.0,6.0,30.0,A
519,2023-05-31T00:00:00,40.69425,-74.01996,8.2,71.4,511.0,MANHATTAN,nan,WDD8872,60.0,15.0,23.0,4.0,nan,99.0,A
520,2023-05-31T00:00:06,29.77186,-95.10171,0.0,263.1,277.0,BOYD GOLDING,nan,WDC9793,31.0,12.0,22.0,10.0,nan,57.0,A
521,2023-05-31T00:00:00,37.90561,-122.37204,0.1,149.4,54.0,ALTA JUNE,IMO9552290,WDE5645,31.0,0.0,23.0,10.0,nan,31.0,A
522,2023-05-31T00:00:02,30.17775,-93.31655,6.6,217.4,202.0,LINDSEY GRAHAM,nan,WDG9563,31.0,12.0,24.0,nan,nan,57.0,A
523,2023-05-31T00:00:04,29.60306,-89.86678,0.0,282.8,511.0,MISS EFFIE,nan,WYR3654,60.0,0.0,13.0,4.0,nan,30.0,A
524,2023-05-31T00:00:01,29.62168,-94.99784,9.2,200.5,194.0,TERESA,nan,nan,99.0,0.0,8.0,3.0,0.0,99.0,A
525,2023-05-31T00:00:07,27.91721,-82.44486,0.9,315.0,354.0,SUNSHINE STATE,IMO9408114,WDE4432,80.0,0.0,183.0,32.0,12.8,83.0,A
526,2023-05-31T00:00:03,29.99024,-90.42545,0.0,92.3,511.0,STEEL SKIPPER,nan,WDL8950,31.0,15.0,30.0,10.0,9.0,31.0,A
527,2023-05-31T00:00:03,30.39583,-81.41527,0.0,197.4,197.0,US GOV VESSEL,nan,NCOO,0.0,0.0,0.0,0.0,0.0,0.0,A
528,2023-05-31T00:00:08,29.37569,-94.89013,0.0,196.7,269.0,AZALEA GALAXY,IMO9343778,3EEV4,80.0,0.0,147.0,24.0,9.5,80.0,A
529,2023-05-31T00:00:02,48.1061,-122.77477,0.0,333.5,511.0,HARMONY,nan,WDJ4527,30.0,0.0,21.0,5.0,nan,30.0,A
530,2023-05-31T00:00:00,40.6255,-74.20242,0.8,151.1,293.0,DEAN REINAUER,IMO9653264,WDG7107,31.0,0.0,35.0,10.0,4.9,52.0,A
531,2023-05-31T00:00:02,30.39141,-91.21269,0.7,59.2,511.0,EARL ETHERIDGE,nan,WDJ6519,31.0,0.0,51.0,12.0,nan,32.0,A
532,2023-05-31T00:00:04,29.58458,-90.37571,0.0,105.7,511.0,MORGAN RAY,nan,WDL8405,52.0,12.0,22.0,8.0,2.5,52.0,A
533,2023-05-31T00:00:02,29.83326,-93.95796,0.0,164.9,139.0,CHRIS MILLER,IMO1307034,WDM4918,57.0,12.0,116.0,34.0,3.0,57.0,A
535,2023-05-31T00:00:05,38.594,-82.23606,5.9,286.2,511.0,O NELSON JONES,nan,WDE2106,31.0,0.0,46.0,12.0,nan,31.0,A
536,2023-05-31T00:00:02,47.65729,-122.37944,0.0,335.2,511.0,ST JOSEPH,nan,WDG3842,30.0,0.0,20.0,nan,nan,30.0,A
537,2023-05-31T00:00:02,46.16789,-123.91437,0.0,360.0,511.0,GEORGE ALLEN,IMO7309613,WBT7376,30.0,7.0,21.0,7.0,nan,30.0,A
538,2023-05-31T00:00:03,30.01228,-95.11306,0.0,360.0,511.0,OKINAWA,nan,WDL2735,31.0,0.0,14.0,10.0,0.0,31.0,A
539,2023-05-31T00:00:01,48.50696,-122.67675,0.0,202.8,226.0,WSF YAKIMA,IMO8835360,WCD7863,60.0,0.0,116.0,22.0,5.5,60.0,A
540,2023-05-31T00:00:04,30.05468,-93.71628,5.0,78.9,83.0,RESOLUTION,IMO0000072,WDN5065,31.0,0.0,25.0,10.0,2.8,31.0,A
541,2023-05-31T00:00:06,36.95143,-76.33113,0.0,77.6,511.0,USS NEW YORK,nan,NNYK,90.0,0.0,196.0,31.0,nan,0.0,A
542,2023-05-31T00:00:01,29.68521,-91.29704,0.0,344.9,511.0,FOURCHON RUNNER,IMO8973538,WDG5125,60.0,8.0,31.0,7.0,nan,60.0,A
543,2023-05-31T00:00:00,33.22655,-120.83296,11.2,148.4,149.0,SUNLEAF STAR,IMO9792424,D5MM8,70.0,0.0,nan,nan,nan,70.0,A
544,2023-05-31T00:00:02,29.40669,-94.74226,0.0,267.6,48.0,BOO SONIER,nan,WDG3281,31.0,0.0,21.0,nan,nan,57.0,A
545,2023-05-31T00:00:02,46.49129,-84.5944,11.9,318.0,315.0,MESABI MINER,IMO7390272,WYQ4356,70.0,0.0,304.0,32.0,8.5,70.0,A
546,2023-05-31T00:00:00,30.059,-93.36754,0.0,128.4,87.0,DAVE FOREMAN,nan,WDN3384,57.0,12.0,125.0,33.0,3.2,57.0,A
547,2023-05-31T00:00:05,29.29859,-94.84438,0.0,360.0,511.0,MARGARET K,IMO0691907,WDM3709,31.0,5.0,0.0,0.0,0.0,31.0,A
548,2023-05-31T00:00:03,38.62667,-90.17952,4.7,8.7,511.0,DIANE DENISE,nan,WDN4808,31.0,12.0,0.0,0.0,2.8,31.0,A
549,2023-05-31T00:00:04,30.47879,-91.19394,0.1,243.8,1.0,SAINT CRISPIN,IMO8992924,WDF6960,31.0,12.0,19.0,7.0,nan,52.0,A
550,2023-05-31T00:00:05,37.82844,-76.27859,0.0,288.8,511.0,G P KIMBERLY,IMO7108576,WCY2043,30.0,0.0,50.0,11.0,3.3,30.0,A
551,2023-05-31T00:00:03,44.27484,-68.31317,0.0,298.3,511.0,CG47320,nan,nan,90.0,4.0,14.0,nan,nan,51.0,A
552,2023-05-31T00:00:05,39.25546,-76.55268,1.8,295.1,511.0,DIANE MORAN,IMO9253612,WDG2450,31.0,5.0,28.0,9.0,3.5,52.0,A
553,2023-05-31T00:00:03,28.56951,-96.62313,0.0,249.1,511.0,SYDNEY RAE,IMO8635825,WDJ3355,31.0,0.0,17.0,8.0,nan,52.0,A
554,2023-05-31T00:00:07,29.3337,-94.77234,0.0,0.0,511.0,CG45760,nan,nan,90.0,0.0,nan,nan,nan,51.0,A
555,2023-05-31T00:00:00,29.92333,-90.20673,3.7,272.4,511.0,WISE ONE,nan,WDE6403,31.0,0.0,21.0,8.0,nan,31.0,A
556,2023-05-31T00:00:01,27.86527,-97.05044,5.3,23.0,25.0,LYDIA ANN,nan,WDH8644,31.0,0.0,18.0,7.0,nan,52.0,A
557,2023-05-31T00:00:01,37.79057,-122.28804,0.0,345.1,511.0,MISS TAMMY,nan,WDG2944,60.0,0.0,27.0,6.0,nan,69.0,A
558,2023-05-31T00:00:04,38.23923,-85.83835,7.4,196.2,198.0,A B YORK,nan,WDJ2304,31.0,12.0,nan,nan,nan,90.0,A
559,2023-05-31T00:00:04,40.6525,-74.0818,5.7,242.3,511.0,ROBERT IV,nan,WDC3892,31.0,0.0,16.0,6.0,nan,52.0,A
560,2023-05-31T00:00:03,29.35371,-89.46617,14.0,36.6,511.0,SEA CHARGER,IMO7739507,WDJ3602,30.0,15.0,49.0,9.0,nan,30.0,A
561,2023-05-31T00:00:03,41.12583,-73.87883,4.3,178.8,179.0,SASSAFRAS,IMO9544243,WDE5807,31.0,0.0,29.0,9.0,3.6,31.0,A
562,2023-05-31T00:00:04,36.90693,-76.08955,0.0,212.7,511.0,RICHMOND,nan,WDL5248,50.0,0.0,16.0,5.0,0.0,50.0,A
563,2023-05-31T00:00:06,40.73496,-73.96524,6.9,346.6,511.0,SKYLINE PRINCESS,nan,WDB7684,60.0,15.0,27.0,8.0,nan,69.0,A
564,2023-05-31T00:00:00,30.03577,-90.69587,0.0,270.1,511.0,CAPTAIN JEFFREY II,nan,WDB5050,60.0,15.0,17.0,5.0,nan,30.0,A
565,2023-05-31T00:00:01,30.03363,-90.68784,0.0,321.5,511.0,SHAWN WILLIAMS,nan,WDJ3307,31.0,0.0,nan,nan,nan,31.0,A
566,2023-05-31T00:00:00,36.84904,-76.31502,0.1,11.1,290.0,EASTERN BRANCH,IMO897156600,WDL7894,52.0,0.0,20.0,8.0,2.3,52.0,A
567,2023-05-31T00:00:02,37.4335,-123.57045,11.0,144.5,145.0,COSMIC ACE,IMO9779927,3EDH6,70.0,0.0,119.0,nan,nan,70.0,A
568,2023-05-31T00:00:00,29.65735,-91.09987,27.0,7.1,511.0,FRED JOSEPH,nan,WDL5635,0.0,0.0,18.0,4.0,0.0,0.0,A
569,2023-05-31T00:00:04,29.76264,-95.11161,0.0,206.3,511.0,MATTHEW,IMO8635461,WDI3464,31.0,12.0,20.0,7.0,nan,57.0,A
570,2023-05-31T00:00:03,27.81964,-97.47277,0.0,254.2,19.0,KARL G ANDREN,nan,WDG9609,31.0,0.0,23.0,nan,nan,52.0,A
571,2023-05-31T00:00:03,40.70268,-73.97308,0.1,308.5,46.0,GERRY BORDELON,IMO9607538,WDH6434,90.0,0.0,50.0,11.0,3.0,70.0,A
572,2023-05-31T00:00:04,47.65694,-122.36749,0.0,179.9,227.0,JENNIFER A,IMO7937501,WDC9097,30.0,15.0,24.0,7.0,nan,30.0,A
573,2023-05-31T00:00:07,29.12636,-90.21665,0.0,194.0,166.0,SARAH BORDELON,IMO9350367,WDJ4762,90.0,0.0,49.0,10.0,3.0,79.0,A
574,2023-05-31T00:00:08,27.96278,-92.66877,11.8,140.9,141.0,SOLAR SUZANNE,IMO9877638,V7A2674,80.0,0.0,169.0,25.0,8.2,80.0,A
575,2023-05-31T00:00:00,46.57799,-87.38598,0.0,319.6,317.0,AMERICAN MARINER,IMO7812567,WQZ7791,70.0,0.0,222.0,23.0,9.2,70.0,A
576,2023-05-31T00:00:08,29.37639,-94.89205,0.0,112.6,90.0,NORDROSE,IMO9521435,CQAE9,80.0,0.0,229.0,42.0,11.1,80.0,A
577,2023-05-31T00:00:01,40.67436,-74.13955,0.0,189.5,152.0,AVA M MCALLISTER,IMO9857561,WDK4592,52.0,0.0,33.0,12.0,0.0,52.0,A
578,2023-05-31T00:00:01,28.28952,-92.73692,9.8,37.4,511.0,THERESE DANOS,IMO9097135,WDH3296,90.0,15.0,45.0,10.0,nan,70.0,A
579,2023-05-31T00:00:06,29.14556,-90.20774,0.0,306.4,338.0,CAT ISLAND,IMO9752357,WDH7954,90.0,0.0,95.0,20.0,6.9,10.0,A
580,2023-05-31T00:00:03,29.74804,-95.29101,0.0,264.0,238.0,C J STUDDERT,nan,WDJ2968,31.0,12.0,nan,nan,nan,57.0,A
581,2023-05-31T00:00:03,42.01821,-66.73503,1.3,256.0,239.0,LADY COMEAU III,IMO9863651,VBZ6538,30.0,7.0,50.0,12.0,6.6,30.0,A
582,2023-05-31T00:00:06,26.82718,-80.0581,0.0,101.0,159.0,DEEP BLUE,nan,WDM9328,37.0,0.0,16.0,6.0,2.5,37.0,A
583,2023-05-31T00:00:04,40.9478,-73.06978,0.0,301.8,511.0,PARK CITY,IMO8700709,WTX9790,60.0,15.0,87.0,14.0,nan,60.0,A
584,2023-05-31T00:00:04,24.21936,-81.95708,8.4,86.5,86.0,LIBERTY,IMO9601821,WDG3575,31.0,0.0,43.0,18.0,6.7,57.0,A
585,2023-05-31T00:00:00,29.75696,-95.09596,3.3,299.8,296.0,SEBASTIAN D,nan,WDH9021,31.0,1.0,25.0,nan,nan,31.0,A
586,2023-05-31T00:00:05,38.95843,-74.87829,0.0,232.2,511.0,ONNERED,nan,WDG4753,30.0,nan,18.0,6.0,nan,nan,B
587,2023-05-31T00:00:02,29.82139,-89.60764,0.0,276.7,511.0,GODS GRACE,nan,WDK2225,52.0,0.0,15.0,7.0,0.0,52.0,A
588,2023-05-31T00:00:05,30.37607,-91.23811,0.0,308.9,39.0,PORTER J. FURLONG,nan,WDK9974,57.0,12.0,296.0,60.0,3.0,57.0,A
589,2023-05-31T00:00:05,32.09651,-81.10918,2.1,182.7,511.0,GRACE MYRICK,nan,WDK8495,99.0,0.0,18.0,10.0,2.0,99.0,A
590,2023-05-31T00:00:00,34.5409,-90.54483,3.3,34.7,26.0,MARQUETTE WARRIOR,nan,WDH6449,31.0,12.0,46.0,13.0,nan,57.0,A
591,2023-05-31T00:00:08,37.92274,-122.36732,0.0,280.2,39.0,NJORD,nan,WCZ5435,90.0,3.0,42.0,nan,nan,33.0,A
592,2023-05-31T00:00:01,30.70389,-88.03475,0.0,360.0,511.0,SCOTT QUEST,nan,WDC3270,31.0,0.0,17.0,6.0,nan,0.0,A
593,2023-05-31T00:00:01,29.78288,-95.07259,6.8,32.1,33.0,RYAN,IMO8976592,WDF2431,31.0,0.0,26.0,9.0,nan,57.0,A
594,2023-05-31T00:00:01,29.65227,-91.26755,4.5,89.3,87.0,RANDOLPH C,nan,WDI2573,31.0,12.0,22.0,nan,nan,57.0,A
595,2023-05-31T00:00:02,48.60968,-123.15397,0.0,273.8,511.0,ALASKAN QUEEN,nan,WDG8128,37.0,15.0,23.0,6.0,nan,37.0,A
596,2023-05-31T00:00:01,40.3823,-63.05114,13.0,223.6,220.0,IRIDA GS,IMO9614311,V7A5913,70.0,0.0,181.0,28.0,8.9,70.0,A
597,2023-05-31T00:00:00,48.58873,-122.91856,15.3,289.4,288.0,WSF CHELAN,IMO7808140,WCX7878,60.0,0.0,100.0,23.0,5.2,60.0,A
598,2023-05-31T00:00:04,37.57953,-76.05663,15.6,321.2,320.0,SEWARD,IMO8400232,3EPT3,70.0,0.0,168.0,26.0,9.8,71.0,A
599,2023-05-31T00:00:00,29.56914,-90.7201,6.4,44.9,511.0,JOHN W STONE,nan,WYB7244,31.0,12.0,20.0,7.0,nan,57.0,A
600,2023-05-31T00:00:00,27.43689,-82.72565,21.2,147.7,148.0,CG SHRIKE,nan,NPBG,90.0,0.0,26.0,5.0,nan,55.0,A
601,2023-05-31T00:00:01,49.29199,-122.97373,0.5,185.6,511.0,ISLAND CROWN,IMO7414092,CFK9388,31.0,0.0,23.0,7.0,4.1,52.0,A
602,2023-05-31T00:00:08,29.97307,-93.84748,0.0,349.5,324.0,SAVAGE DILIGENCE,nan,WDG9118,31.0,0.0,17.0,8.0,nan,91.0,A
603,2023-05-31T00:00:02,30.045,-90.48062,8.1,158.6,511.0,IRON LADY,nan,WDL5614,31.0,12.0,0.0,0.0,9.6,31.0,A
604,2023-05-31T00:00:00,47.60592,-125.12873,3.5,335.7,334.0,ISLAND ENTERPRISE,IMO7710721,WDB4539,30.0,7.0,92.0,13.0,4.5,20.0,A
605,2023-05-31T00:00:00,28.40702,-80.70982,0.0,360.0,511.0,PINK LADY,nan,WDE7680,60.0,0.0,19.0,7.0,nan,99.0,A
606,2023-05-31T00:00:17,37.81105,-122.36109,0.3,360.0,511.0,CG45667,nan,nan,90.0,0.0,13.0,nan,nan,51.0,A
607,2023-05-31T00:00:00,41.5433,-82.72754,0.0,2.8,358.0,CARMEN LEE,IMO1321929,WDM8294,60.0,0.0,56.0,14.0,0.0,60.0,A
608,2023-05-31T00:00:06,29.23513,-95.2162,0.0,317.4,1.0,RICHARD TOLAR,nan,WDF3395,31.0,12.0,25.0,9.0,nan,57.0,A
609,2023-05-31T00:00:06,27.82152,-97.4797,0.0,305.1,293.0,BAILEY,nan,WDK4879,57.0,0.0,210.0,17.0,2.9,52.0,A
610,2023-05-31T00:00:00,31.54843,-91.44348,0.0,40.0,240.0,CINDY L ERICKSON,nan,WDJ8968,52.0,12.0,48.0,16.0,3.6,57.0,A
611,2023-05-31T00:00:01,29.35167,-89.51136,0.0,231.1,298.0,JASON LUHR,nan,WDC2250,31.0,0.0,23.0,10.0,nan,31.0,A
612,2023-05-31T00:00:01,30.40377,-87.25597,0.0,360.0,511.0,RV ORACLE,nan,WDK9705,57.0,0.0,24.0,8.0,0.0,57.0,A
613,2023-05-31T00:00:00,43.6897,-86.68651,8.2,8.9,10.0,SHARON M I,IMO9084059,CFP2006,31.0,11.0,34.0,10.0,5.3,52.0,A
614,2023-05-31T00:00:16,18.43995,-66.08694,0.0,137.2,57.0,DENI,IMO9844382,J8B6015,52.0,5.0,28.0,11.0,4.6,52.0,A
615,2023-05-31T00:00:05,27.93881,-82.44376,0.0,292.4,201.0,AMBERJACK,IMO8003307,WDG9719,31.0,0.0,35.0,9.0,4.4,39.0,A
616,2023-05-31T00:00:02,29.40758,-94.74219,4.8,49.4,511.0,BAILEY B,nan,WDM2890,57.0,12.0,113.0,34.0,3.1,57.0,A
617,2023-05-31T00:00:07,29.90374,-90.08196,0.0,233.9,511.0,CAPT ROGER D ADAMS,IMO8975782,WDA9222,31.0,0.0,28.0,9.0,nan,52.0,A
618,2023-05-31T00:00:00,27.91692,-82.44461,1.1,300.2,281.0,INDEPENDENT,IMO9826419,WDJ4411,31.0,15.0,nan,nan,nan,52.0,A
619,2023-05-31T00:00:04,29.96517,-90.23362,0.1,61.0,511.0,DIXIE RAIDER,IMO0000181,WDK8404,57.0,0.0,23.0,7.0,0.0,57.0,A
620,2023-05-31T00:00:13,29.60061,-90.66109,0.0,333.0,511.0,R S WEEKS,nan,WCK9505,90.0,15.0,85.0,19.0,nan,33.0,A
621,2023-05-31T00:00:02,29.97233,-90.39923,0.0,190.9,254.0,LAKE VERRET,nan,WDK8302,57.0,12.0,205.0,18.0,2.8,57.0,A
622,2023-05-31T00:00:05,38.04038,-122.13718,0.0,294.0,58.0,DELTA DEANNA,IMO9833979,WDL9594,52.0,0.0,34.0,10.0,6.1,52.0,A
623,2023-05-31T00:00:01,48.56768,-123.47016,0.0,0.0,511.0,CUTTER ROCK,nan,nan,37.0,nan,16.0,4.0,1.7,nan,B
624,2023-05-31T00:00:05,42.71532,-68.73988,11.7,79.0,80.0,THORCO LIVA,IMO9643623,V7A5078,70.0,0.0,132.0,23.0,7.8,70.0,A
625,2023-05-31T00:00:01,46.48495,-84.29753,0.0,340.2,289.0,SUGAR ISLANDER II,nan,WCU8534,60.0,0.0,33.0,12.0,nan,60.0,A
626,2023-05-31T00:00:06,47.64614,-122.32796,0.0,343.0,511.0,ESTIVA,nan,WDJ4764,37.0,15.0,23.0,nan,nan,37.0,A
627,2023-05-31T00:00:03,25.79909,-80.24914,3.2,129.2,511.0,ATLAS,IMO0682459,WDI9664,31.0,3.0,17.0,6.0,2.8,31.0,A
628,2023-05-31T00:00:15,45.60716,-122.66335,0.2,19.0,511.0,LEGACY,nan,nan,37.0,nan,nan,nan,nan,nan,B
629,2023-05-31T00:00:03,30.04841,-90.53207,0.0,360.0,511.0,WOODY DUMAS,nan,WDH5966,31.0,0.0,18.0,7.0,nan,52.0,A
630,2023-05-31T00:00:00,41.04781,-71.33346,0.5,289.9,207.0,GABRIELLE ELIZABETH,IMO7733034,WDM8510,0.0,0.0,22.0,7.0,0.0,0.0,A
631,2023-05-31T00:00:02,27.83998,-97.0697,0.2,170.9,511.0,ARNOLD W OLIVER,nan,WCW4973,60.0,0.0,27.0,13.0,nan,60.0,A
632,2023-05-31T00:00:03,32.0821,-81.06328,0.0,219.9,511.0,DENNIS MORAN,IMO9967031,WDM9151,52.0,0.0,26.0,11.0,5.1,52.0,A
633,2023-05-31T00:00:00,30.34996,-88.50515,0.0,305.0,14.0,RUSTY MOORE,nan,WDL6345,57.0,12.0,121.0,18.0,2.8,57.0,A
634,2023-05-31T00:00:03,39.37781,-74.42306,0.0,40.7,244.0,USAV BRANDY STATION,nan,AADU,90.0,3.0,53.0,0.0,nan,0.0,A
635,2023-05-31T00:00:03,40.89463,-67.45957,4.7,228.8,219.0,AARSHEIM_JUNIOR,nan,WDL3282,30.0,15.0,34.0,9.0,0.0,30.0,A
636,2023-05-31T00:00:03,30.2546,-93.2026,0.0,250.6,6.0,LANEY BLESSEY WATKIN,nan,WDH4058,31.0,12.0,24.0,nan,nan,57.0,A
637,2023-05-31T00:00:03,29.06093,-88.9826,0.5,283.7,511.0,MR LLOYD,IMO8988480,WDH6207,60.0,15.0,50.0,9.0,nan,60.0,A
638,2023-05-31T00:00:04,33.69391,-118.2328,16.0,143.2,511.0,PETER MAC,IMO8982979,WDC9573,60.0,0.0,27.0,6.0,nan,90.0,A
639,2023-05-31T00:00:05,29.79481,-90.01479,0.0,280.0,511.0,LADY OF LOURDES,nan,WDE5493,31.0,12.0,22.0,9.0,nan,57.0,A
640,2023-05-31T00:00:05,40.69918,-74.15016,0.0,324.0,511.0,MARY ALICE,IMO7402738,WCX9570,31.0,0.0,30.0,8.0,3.6,31.0,A
641,2023-05-31T00:00:04,48.83457,-123.33839,5.0,294.0,511.0,ALGOSAR,IMO7634288,CFN4079,80.0,nan,132.0,19.0,6.8,nan,B
642,2023-05-31T00:00:06,29.12269,-90.21012,0.0,343.6,237.0,HARVEY FREEDOM,IMO9654256,KHFF,90.0,0.0,nan,nan,nan,0.0,A
643,2023-05-31T00:00:03,29.77034,-93.34695,0.0,281.3,4.0,TRISTAN K,IMO9636773,WDF7657,31.0,0.0,30.0,12.0,4.1,52.0,A
644,2023-05-31T00:00:02,47.60555,-122.36168,4.0,204.7,511.0,BAY LADY,nan,WCZ3958,99.0,8.0,0.0,0.0,0.0,99.0,A
645,2023-05-31T00:00:04,29.91272,-90.09223,14.8,67.2,67.0,MARGUISA ZIERIKZEE,IMO9317808,CQAV7,70.0,0.0,120.0,15.0,5.4,70.0,A
646,2023-05-31T00:00:07,29.94318,-92.89798,4.3,73.2,72.0,SANDY POINT,IMO8991085,WDB8067,31.0,12.0,22.0,9.0,nan,57.0,A
647,2023-05-31T00:00:03,29.6855,-91.1526,0.0,261.9,511.0,MISS BETH,nan,WDH2506,31.0,15.0,17.0,7.0,nan,52.0,A
648,2023-05-31T00:00:03,30.0179,-93.98177,0.0,360.0,302.0,CREOLE CRUSADER,nan,WDC3291,31.0,0.0,21.0,8.0,nan,57.0,A
649,2023-05-31T00:00:00,37.89505,-122.4387,38.4,141.8,511.0,NAPA,IMO8643004,WDE8110,60.0,0.0,42.0,11.0,1.5,40.0,A
650,2023-05-31T00:00:08,27.60382,-83.07329,11.3,280.9,280.0,LYNNE M. ROSE,IMO9753179,WDN2401,57.0,0.0,219.0,28.0,9.7,57.0,A
651,2023-05-31T00:00:04,30.43971,-91.19255,0.0,329.0,511.0,ELIZABETH B,IMO9585235,WDF3516,31.0,0.0,29.0,10.0,nan,31.0,A
652,2023-05-31T00:00:05,47.21356,-122.64339,7.8,314.3,511.0,RED BLUFF,nan,WDC6944,31.0,0.0,20.0,7.0,nan,52.0,A
653,2023-05-31T00:00:00,30.345,-87.28949,0.0,63.4,511.0,CG26119,nan,CG26119,51.0,0.0,7.0,3.0,0.0,51.0,A
654,2023-05-31T00:00:00,30.76239,-88.03148,0.0,360.0,511.0,SCOTT PRIDE,nan,WDE8842,31.0,0.0,14.0,6.0,nan,52.0,A
655,2023-05-31T00:00:07,30.05612,-93.73707,0.0,238.3,511.0,NICHOLAS VETO,nan,WDM4383,57.0,12.0,99.0,16.0,2.1,57.0,A
656,2023-05-31T00:00:05,49.1228,-123.18571,0.0,295.2,511.0,JEANNA MARIE,IMO7927790,VG7255,70.0,7.0,29.0,7.0,3.4,30.0,A
657,2023-05-31T00:00:00,48.68945,-123.40961,0.0,128.9,232.0,SKEENA QUEEN,IMO9137090,CFL8497,60.0,0.0,110.0,24.0,2.8,60.0,A
658,2023-05-31T00:00:01,40.86176,-70.07144,10.9,136.5,511.0,FLAVIAN S,nan,WDB2556,30.0,15.0,25.0,8.0,nan,30.0,A
659,2023-05-31T00:00:05,48.33221,-123.47933,7.7,19.2,511.0,HMCS NANAIMO,nan,CGAV,90.0,0.0,nan,nan,nan,35.0,A
660,2023-05-31T00:00:05,32.08207,-81.06293,0.0,96.5,271.0,WHIRLAWAY,nan,WDC9981,31.0,0.0,20.0,7.0,nan,52.0,A
661,2023-05-31T00:00:05,30.28201,-88.89235,5.4,89.0,511.0,LADY EDWINA,nan,WAG6868,31.0,0.0,0.0,0.0,3.0,31.0,A
662,2023-05-31T00:00:00,30.38796,-81.55671,0.0,267.6,511.0,SEWELLS POINT,IMO7517856,WYJ6341,31.0,0.0,30.0,8.0,4.0,52.0,A
663,2023-05-31T00:00:08,49.12306,-123.18176,0.0,360.0,511.0,VIKING FISHER,nan,nan,30.0,0.0,22.0,6.0,2.2,30.0,A
664,2023-05-31T00:00:00,33.73421,-118.26844,0.0,254.2,511.0,REDONDO,nan,WCD3906,60.0,0.0,18.0,7.0,nan,31.0,A
665,2023-05-31T00:00:02,30.05932,-93.48357,6.8,272.0,270.0,H.F. BEAN,IMO1233330,WDG8558,31.0,12.0,8.0,6.0,2.8,31.0,A
666,2023-05-31T00:00:03,39.58708,-75.59459,0.5,255.0,135.0,MARTIN EXPLORER,IMO9160853,WDB3168,76.0,0.0,121.0,21.0,5.1,76.0,A
667,2023-05-31T00:00:03,49.11934,-123.16604,0.0,270.7,19.0,FROSTI,IMO7628473,CFL3773,30.0,0.0,39.0,8.0,4.2,30.0,A
668,2023-05-31T00:00:00,48.74439,-122.49571,0.0,197.0,45.0,MARSHALL FOSS,IMO8971877,WDB9762,31.0,0.0,28.0,12.0,3.8,52.0,A
669,2023-05-31T00:00:05,33.76766,-118.21701,0.0,315.7,511.0,PONO,nan,WCB4095,31.0,0.0,22.0,8.0,nan,52.0,A
670,2023-05-31T00:00:09,35.37086,-120.85838,0.0,0.0,511.0,CG47210,nan,nan,90.0,0.0,14.0,nan,nan,51.0,A
671,2023-05-31T00:00:05,29.65901,-89.22483,8.4,189.1,511.0,SEA WOLF,IMO8036263,WDJ3604,30.0,15.0,49.0,9.0,nan,30.0,A
672,2023-05-31T00:00:09,40.58787,-80.23776,0.0,323.5,263.0,MISS BROOKE,nan,WDH2408,31.0,0.0,17.0,6.0,nan,57.0,A
673,2023-05-31T00:00:01,26.11416,-80.15466,4.0,266.7,268.0,VIVERE,nan,WDE3461,37.0,5.0,30.0,7.0,nan,37.0,A
674,2023-05-31T00:00:01,29.64108,-91.31139,5.8,75.6,75.0,SHERIDAN A,nan,WDH9115,31.0,12.0,26.0,nan,nan,57.0,A
675,2023-05-31T00:00:02,38.33385,-76.45959,0.0,360.0,511.0,JEZEBEL,nan,WDG6709,31.0,3.0,14.0,nan,nan,52.0,A
676,2023-05-31T00:00:00,30.7493,-88.04816,3.5,355.3,1.0,ELOY RIVERA,nan,WDG6813,31.0,12.0,25.0,9.0,nan,57.0,A
677,2023-05-31T00:00:02,38.5615,-121.5554,7.4,75.7,511.0,MIKE BRUSCO SR,nan,WDC3445,31.0,0.0,17.0,5.0,nan,99.0,A
678,2023-05-31T00:00:00,39.21639,-74.06506,0.4,248.5,72.0,HOS BROWNING,IMO9587398,XCBK8,99.0,3.0,89.0,18.0,5.4,99.0,A
679,2023-05-31T00:00:03,30.43056,-91.20756,0.0,142.0,511.0,REALIST,nan,WDN5074,31.0,15.0,28.0,10.0,3.2,31.0,A
680,2023-05-31T00:00:06,29.93872,-90.00618,1.2,307.6,511.0,WENDY C,nan,WDI9985,31.0,5.0,18.0,7.0,nan,31.0,A
681,2023-05-31T00:00:01,29.25938,-92.7265,11.2,294.2,295.0,HOLLYWOOD,IMO8428674,WDH7440,31.0,0.0,30.0,10.0,4.4,39.0,A
682,2023-05-31T00:00:00,40.65051,-74.11117,0.0,193.0,5.0,FRANKLIN REINAUER,IMO8987462,WCW8832,31.0,0.0,30.0,8.0,3.3,52.0,A
683,2023-05-31T00:00:01,29.83726,-92.3042,5.3,108.2,124.0,LEISA GAIL STRAFUSS,nan,WDH4277,31.0,0.0,22.0,nan,nan,52.0,A
684,2023-05-31T00:00:01,43.1749,-86.48389,13.7,25.5,27.0,SAM LAUD,IMO7390210,WZC7602,70.0,5.0,193.0,20.0,8.3,70.0,A
685,2023-05-31T00:00:17,49.15532,-123.54841,2.9,59.5,511.0,HELEN J,nan,CFN6439,31.0,11.0,14.0,6.0,0.3,31.0,A
686,2023-05-31T00:00:04,16.87868,-66.97506,12.6,119.3,118.0,MSC ILONA,IMO9225641,D5VK6,79.0,0.0,300.0,40.0,9.0,79.0,A
687,2023-05-31T00:00:01,48.07112,-122.64041,14.9,350.2,348.0,FOREST TRADER,IMO9614361,3FCW6,70.0,0.0,176.0,28.0,9.8,70.0,A
688,2023-05-31T00:00:01,29.26239,-89.35018,0.0,351.0,511.0,HALCYON,nan,WCG5821,37.0,15.0,38.0,7.0,nan,0.0,A
689,2023-05-31T00:00:01,30.4416,-81.32843,7.7,354.7,511.0,FORGIVEN,IMO8969800,WDG6667,30.0,nan,24.0,7.0,nan,nan,B
690,2023-05-31T00:00:02,29.26781,-89.33502,0.0,47.1,315.0,JS CHATRY,nan,WDK9297,33.0,3.0,95.0,22.0,3.0,33.0,A
691,2023-05-31T00:00:05,29.68502,-91.15113,0.0,321.6,193.0,FALCON,IMO8989927,WDH2087,31.0,0.0,24.0,7.0,3.5,31.0,A
692,2023-05-31T00:00:03,29.54338,-91.25399,11.1,276.0,511.0,LARRY J HEBERT,IMO8424068,WDF5953,31.0,0.0,27.0,8.0,3.2,52.0,A
693,2023-05-31T00:00:04,29.83942,-90.03924,5.6,54.0,511.0,C.C. CENAC,nan,WDM6070,52.0,15.0,18.0,8.0,0.0,52.0,A
694,2023-05-31T00:00:05,27.81288,-97.41027,1.0,27.4,511.0,COASTAL DAWN,IMO8644589,WDD5358,31.0,0.0,19.0,7.0,nan,31.0,A
695,2023-05-31T00:00:05,29.67188,-91.13488,0.0,278.4,511.0,CHRISTI C,nan,WDH7980,31.0,0.0,20.0,nan,nan,31.0,A
696,2023-05-31T00:00:05,18.46107,-66.0931,0.0,316.8,511.0,DOCTOR D,IMO8941597,WDI6998,31.0,12.0,21.0,7.0,nan,52.0,A
697,2023-05-31T00:00:01,29.31337,-94.77875,0.0,349.6,78.0,LONE STAR,nan,WCY9015,50.0,0.0,15.0,9.0,nan,50.0,A
698,2023-05-31T00:00:03,34.99947,-122.11074,13.7,120.3,116.0,CRYSTAL ROSE,IMO8312631,9HHW8,70.0,0.0,149.0,20.0,nan,71.0,A
699,2023-05-31T00:00:01,39.14112,-75.18384,7.6,125.3,511.0,KATHLEEN TURECAMO,IMO7047552,WDC3466,31.0,0.0,29.0,8.0,3.9,52.0,A
700,2023-05-31T00:00:05,37.99667,-90.03415,6.9,129.9,140.0,COOPERATIVE SPIRIT,nan,WDB9878,31.0,12.0,56.0,16.0,nan,57.0,A
701,2023-05-31T00:00:05,30.2076,-91.04784,0.0,0.0,288.0,DELACROIX,nan,WDL4998,52.0,12.0,21.0,10.0,2.2,57.0,A
702,2023-05-31T00:00:05,32.08205,-81.06369,0.0,304.5,262.0,COOPER MORAN,IMO9812547,WDI9156,31.0,0.0,28.0,nan,nan,52.0,A
703,2023-05-31T00:00:06,29.61125,-95.02543,0.0,116.2,269.0,DANIELLE GUIDRY,nan,WDC2442,31.0,0.0,16.0,6.0,nan,57.0,A
704,2023-05-31T00:00:03,33.77429,-118.24609,0.0,296.0,511.0,PEGASUS,nan,WDB8410,37.0,nan,15.0,3.0,nan,nan,B
705,2023-05-31T00:00:06,29.98248,-93.89279,1.9,292.1,511.0,SIDNEY B,nan,WDJ2991,52.0,2.0,nan,nan,nan,52.0,A
706,2023-05-31T00:00:04,29.8745,-90.07139,0.0,94.1,511.0,KYLE JOSEPH,nan,WDC4945,31.0,0.0,21.0,8.0,1.7,31.0,A
707,2023-05-31T00:00:04,29.46378,-94.96181,0.0,104.9,253.0,TRINITY,nan,WDC2625,31.0,0.0,22.0,7.0,nan,56.0,A
708,2023-05-31T00:00:05,47.135,-122.64667,0.0,247.3,511.0,ISLAND MIST,IMO8867911,WDH9725,31.0,0.0,27.0,9.0,nan,31.0,A
709,2023-05-31T00:00:05,29.7663,-91.71617,2.2,182.1,511.0,TRIPPER III,nan,WDF6586,60.0,0.0,23.0,9.0,nan,57.0,A
710,2023-05-31T00:00:06,27.82904,-97.14077,7.5,76.3,78.0,MATHEW J SCOTT,nan,WDI3973,31.0,0.0,18.0,7.0,nan,52.0,A
711,2023-05-31T00:00:05,29.74393,-95.19245,3.7,245.7,240.0,TRITON,IMO9792395,WDI4059,31.0,0.0,22.0,nan,nan,52.0,A
712,2023-05-31T00:00:07,49.31126,-123.10669,0.0,351.8,511.0,SEASPAN HAWK,IMO9072408,VG6972,31.0,5.0,25.0,9.0,2.5,52.0,A
713,2023-05-31T00:00:08,30.0486,-90.63854,0.0,354.3,315.0,HEATH WOOD,IMO9813216,WDI9776,31.0,5.0,35.0,11.0,nan,57.0,A
714,2023-05-31T00:00:00,45.07262,-66.1398,12.1,205.0,207.0,MAERSK NITEROI,IMO9434943,VRFW5,70.0,0.0,210.0,30.0,11.5,71.0,A
715,2023-05-31T00:00:07,29.81871,-90.00093,11.2,12.1,14.0,FAIRCHEM GRUTTO,IMO9919333,V7A5552,82.0,0.0,159.0,27.0,7.7,82.0,A
716,2023-05-31T00:00:00,36.79762,-76.29111,0.0,352.9,205.0,DELTA,IMO8644553,WDF9528,52.0,0.0,24.0,7.0,3.2,52.0,A
717,2023-05-31T00:00:06,39.30726,-75.38846,13.5,317.7,317.0,TOTONNO BOTTIGLIERI,IMO9439400,ICNT,80.0,0.0,242.0,42.0,15.3,80.0,A
718,2023-05-31T00:00:02,30.70707,-88.0382,1.5,177.9,511.0,JOANNE C,nan,WDB8767,31.0,0.0,17.0,7.0,nan,52.0,A
719,2023-05-31T00:00:07,26.83204,-80.05363,0.0,244.1,215.0,TRUE JOY,nan,nan,37.0,0.0,29.0,7.0,nan,37.0,A
720,2023-05-31T00:00:01,29.86106,-93.93835,0.0,233.9,347.0,SABINE,IMO9397391,WDF9981,31.0,0.0,29.0,10.0,3.7,52.0,A
721,2023-05-31T00:00:02,42.78171,-80.19475,0.0,257.9,324.0,CCGS CAPE HEARNE,nan,CG8078,90.0,5.0,13.0,4.0,2.2,51.0,A
722,2023-05-31T00:00:01,30.75003,-88.03547,0.0,233.8,23.0,JEFF MONTGOMERY,nan,WDE6011,31.0,12.0,23.0,10.0,nan,57.0,A
723,2023-05-31T00:00:01,30.1705,-91.00223,0.0,280.2,511.0,CSS SAVANNAH,nan,WDC3232,31.0,0.0,21.0,9.0,nan,31.0,A
724,2023-05-31T00:00:07,37.99098,-121.40503,4.9,117.0,115.0,LITO,IMO9337092,5BAU6,70.0,0.0,225.0,32.0,7.9,70.0,A
725,2023-05-31T00:00:17,29.78112,-92.18759,0.0,269.4,511.0,MISS SYDNEY,nan,WDH2300,31.0,0.0,20.0,nan,nan,31.0,A
726,2023-05-31T00:00:03,30.14462,-93.32894,0.0,321.5,101.0,PONTCHARTRAIN,nan,WDL6039,57.0,0.0,113.0,34.0,3.1,52.0,A
727,2023-05-31T00:00:00,41.88917,-87.62218,0.0,360.0,511.0,CHICAGO'S EMERALD LA,IMO1302780,WDL7035,0.0,0.0,30.0,9.0,2.2,60.0,A
728,2023-05-31T00:00:02,48.39457,-122.63567,31.5,231.6,511.0,NWFR MARINE 21,nan,nan,51.0,15.0,6.0,nan,nan,51.0,A
729,2023-05-31T00:00:03,30.75699,-88.04852,0.0,282.6,282.0,SAVAGE SPIRIT,nan,WDG6346,31.0,12.0,25.0,nan,nan,57.0,A
730,2023-05-31T00:00:18,26.13941,-80.10873,0.0,150.1,196.0,SOJOURN,nan,6YSG9,nan,8.0,nan,nan,nan,37.0,A
731,2023-05-31T00:00:00,30.70595,-88.03995,0.1,239.0,214.0,SAVANNAH,IMO9269738,WDD9810,31.0,0.0,29.0,10.0,nan,52.0,A
732,2023-05-31T00:00:03,43.10587,-70.29851,7.6,196.3,196.0,GRACIE M REINAUER,IMO9804605,WDI7449,31.0,0.0,35.0,nan,nan,57.0,A
733,2023-05-31T00:00:00,26.10136,-80.11942,0.0,175.2,166.0,PARTY GIRL,IMO1010258,ZGCK,37.0,0.0,62.0,12.0,3.7,37.0,A
734,2023-05-31T00:00:05,35.60912,-122.13048,6.7,319.2,511.0,GUTSY LADY 4,IMO8970469,WDG7854,30.0,0.0,26.0,7.0,nan,39.0,A
735,2023-05-31T00:00:01,30.20922,-91.05426,0.0,261.1,281.0,SPIRIT,nan,WDC2731,31.0,0.0,19.0,7.0,nan,52.0,A
736,2023-05-31T00:00:02,42.38409,-71.02711,3.2,66.9,63.0,JUSTICE,IMO9576571,WDG2184,31.0,15.0,29.0,10.0,5.3,52.0,A
737,2023-05-31T00:00:00,29.35097,-88.90533,16.8,303.3,511.0,MS.EMILY,IMO999975000,WDJ9153,20.0,0.0,0.0,0.0,0.0,29.0,A
738,2023-05-31T00:00:02,29.76277,-95.11102,1.0,91.4,511.0,STEPHANIE KENNELLY,nan,WDE3527,31.0,12.0,26.0,9.0,nan,31.0,A
739,2023-05-31T00:00:03,29.77047,-89.07307,0.1,360.0,118.0,FROSTY MORN,IMO7048960,WM7971,30.0,0.0,59.0,11.0,nan,30.0,A
740,2023-05-31T00:00:04,42.3695,-71.05499,3.2,263.7,511.0,SPIRIT OF WASHINGTON,IMO8793342,WDC9006,60.0,0.0,43.0,11.0,nan,60.0,A
741,2023-05-31T00:00:04,49.28103,-123.1901,0.0,36.0,511.0,ISLAND SCOUT,IMO8967450,CFG7527,31.0,15.0,23.0,7.0,3.4,52.0,A
742,2023-05-31T00:00:05,30.51484,-91.22379,0.0,284.5,211.0,SAFETY EXPLORER,nan,WDI4824,31.0,0.0,21.0,8.0,nan,31.0,A
743,2023-05-31T00:00:03,30.34229,-88.58208,3.8,24.7,511.0,SIGNET VALIANT,IMO8964551,WDF9598,31.0,15.0,24.0,9.0,nan,0.0,A
744,2023-05-31T00:00:05,41.52341,-70.67101,0.1,296.5,61.0,CORWITH CRAMER,IMO8617445,WTF3319,90.0,0.0,41.0,7.0,3.0,36.0,A
745,2023-05-31T00:00:06,30.47083,-88.01623,10.5,356.3,357.0,YASA MARS,IMO9848120,V7A2043,70.0,0.0,199.0,32.0,11.6,70.0,A
746,2023-05-31T00:00:01,29.94295,-90.17483,0.0,242.8,221.0,JOHNNY M,nan,WDF2053,31.0,0.0,26.0,9.0,nan,90.0,A
747,2023-05-31T00:00:06,37.84226,-122.46344,9.7,198.7,511.0,ADVENTURE CAT,nan,WBC3205,60.0,15.0,16.0,9.0,nan,36.0,A
748,2023-05-31T00:00:02,30.43997,-91.19255,0.0,285.2,511.0,ALLISON S,IMO8993588,WDC3396,31.0,0.0,32.0,7.0,3.7,31.0,A
749,2023-05-31T00:00:03,40.68809,-74.00656,0.0,322.2,511.0,EASTERN DAWN,nan,WDE4132,31.0,0.0,15.0,6.0,nan,31.0,A
750,2023-05-31T00:00:16,44.19486,-66.1663,0.0,44.9,511.0,VENTURE 2000,nan,nan,30.0,nan,nan,nan,nan,nan,B
751,2023-05-31T00:00:05,29.73179,-95.04247,7.4,276.2,279.0,COLE GUIDRY,nan,WDJ3088,90.0,0.0,nan,nan,nan,57.0,A
752,2023-05-31T00:00:15,38.95016,-74.88522,0.0,273.7,511.0,MR CONNOR,IMO8987553,WDF2688,31.0,0.0,22.0,7.0,2.1,52.0,A
753,2023-05-31T00:00:06,29.74377,-95.19306,3.6,244.5,241.0,ROBERTO,IMO9839727,9V5731,80.0,0.0,230.0,36.0,8.4,80.0,A
754,2023-05-31T00:00:01,39.19737,-76.57169,0.0,360.0,511.0,CG SPENCER,nan,NWHE,90.0,0.0,82.0,11.0,nan,55.0,A
755,2023-05-31T00:00:01,46.23304,-123.7215,13.2,53.2,52.0,LIBERTY PEACE,IMO9777890,WLIU,70.0,0.0,nan,nan,nan,70.0,A
756,2023-05-31T00:00:01,37.84581,-122.40614,6.1,196.9,209.0,PETER M,IMO8964549,WCY7481,31.0,0.0,27.0,9.0,3.2,52.0,A
757,2023-05-31T00:00:07,26.11506,-80.05243,10.7,101.3,98.0,DREAM,IMO1007017,V7A4590,37.0,0.0,60.0,11.0,3.7,37.0,A
758,2023-05-31T00:00:02,29.78524,-95.08836,3.3,261.6,258.0,FLORENCE DAVIS,IMO1296770,WDL2403,57.0,12.0,117.0,34.0,3.0,57.0,A
759,2023-05-31T00:00:03,48.43079,-123.37564,0.0,57.8,149.0,AQUA SERVICE,IMO9879478,CFA3494,99.0,0.0,24.0,11.0,3.6,99.0,A
760,2023-05-31T00:00:07,29.65439,-91.12355,0.0,88.8,237.0,MARCELLE BORDELON,IMO9350379,WDJ2038,90.0,5.0,49.0,10.0,3.0,79.0,A
761,2023-05-31T00:00:04,41.46323,-70.50696,13.5,4.9,10.0,PLAN SEA,nan,WDI2464,60.0,nan,10.0,4.0,nan,nan,B
762,2023-05-31T00:00:01,30.51433,-91.27709,4.8,206.4,190.0,GALE C,nan,WDC8728,31.0,0.0,56.0,15.0,nan,57.0,A
763,2023-05-31T00:00:04,46.50282,-84.35424,0.0,86.9,85.0,EDWIN H GOTT,IMO7606061,WDH7558,70.0,0.0,304.0,32.0,9.8,70.0,A
764,2023-05-31T00:00:01,29.07996,-95.20737,3.5,23.9,511.0,BROWN WATER I,nan,WDC3411,31.0,5.0,16.0,6.0,nan,31.0,A
765,2023-05-31T00:00:00,29.56064,-90.53014,5.7,89.7,511.0,TIM TAUZIN,nan,WDC3040,90.0,0.0,0.0,0.0,1.8,90.0,A
766,2023-05-31T00:00:02,27.6969,-82.72894,2.8,212.9,511.0,STARLITE SAPPHIRE,nan,WDG5513,60.0,0.0,30.0,6.0,nan,69.0,A
767,2023-05-31T00:00:03,33.73192,-118.26431,0.1,246.5,511.0,MASCO ENDEAVOR,IMO8987905,WDC2519,8.0,15.0,55.0,14.0,0.0,8.0,A
768,2023-05-31T00:00:03,29.12026,-91.51055,0.3,318.6,511.0,REM PROVIN DL AZUAY,IMO9654933,HC-5267,52.0,0.0,12.0,30.0,3.5,52.0,A
769,2023-05-31T00:00:04,29.61104,-94.92703,0.0,47.0,511.0,LADY JOYELLE,nan,WDH2555,31.0,0.0,20.0,nan,nan,52.0,A
770,2023-05-31T00:00:06,26.08861,-80.08313,7.7,145.3,130.0,AS FABRIZIA,IMO9395135,CQIU3,70.0,0.0,166.0,25.0,9.5,79.0,A
771,2023-05-31T00:00:05,41.60569,-81.92009,11.4,297.1,297.0,SEA DISCOVERER,IMO9213131,C6YZ8,60.0,0.0,91.0,15.0,3.8,60.0,A
772,2023-05-31T00:00:05,37.81501,-122.41769,22.6,90.0,511.0,P/V_GOLDEN_GATE,nan,WDK4954,50.0,0.0,21.0,6.0,0.0,50.0,A
773,2023-05-31T00:00:05,29.7265,-95.22541,0.0,214.8,270.0,CHARLES BOSTON,IMO1276022,WDL5403,57.0,12.0,206.0,18.0,0.0,52.0,A
774,2023-05-31T00:00:07,48.12244,-123.43023,0.0,222.9,32.0,COHO,IMO5076949,WM4599,60.0,0.0,104.0,22.0,3.8,60.0,A
775,2023-05-31T00:00:01,33.98335,-118.45593,0.0,360.0,511.0,FANTASEA ONE,nan,WCZ2107,60.0,15.0,26.0,9.0,nan,69.0,A
776,2023-05-31T00:00:06,41.8753,-87.60135,8.0,232.0,511.0,SHORELINE II,nan,WCY4503,60.0,0.0,21.0,7.0,nan,6.0,A
777,2023-05-31T00:00:02,48.24742,-123.47603,8.0,56.4,54.0,PONA,IMO9349875,D5YO8,71.0,0.0,222.0,30.0,9.8,71.0,A
778,2023-05-31T00:00:07,40.78885,-73.91897,0.2,32.0,34.0,HUNTS POINT,IMO9648049,WDH2432,90.0,9.0,88.0,21.0,4.6,80.0,A
779,2023-05-31T00:00:02,32.08184,-81.06535,0.1,230.0,269.0,ARKANSAS,nan,WDJ2212,31.0,15.0,nan,nan,nan,31.0,A
780,2023-05-31T00:00:03,28.91057,-89.72547,9.7,100.6,98.0,GREAT EXPECTATIONS,IMO9703693,WDH4032,90.0,0.0,95.0,20.0,nan,39.0,A
782,2023-05-31T00:00:03,42.9003,-79.24573,0.3,190.0,191.0,ALGOMA TRANSPORT,IMO7711737,VCLX,70.0,0.0,222.0,23.0,9.2,70.0,A
783,2023-05-31T00:00:03,37.7928,-122.28425,8.2,85.0,85.0,PISCES,IMO9550759,WDE7319,60.0,0.0,34.0,8.0,1.9,60.0,A
784,2023-05-31T00:00:00,46.25768,-124.02935,7.2,107.8,511.0,RAVEN,IMO8213304,WDI4987,30.0,7.0,22.0,6.0,nan,30.0,A
785,2023-05-31T00:00:02,35.09524,-90.17697,0.0,321.8,511.0,CHRIS FOSTER,nan,WDK3729,32.0,15.0,20.0,8.0,0.0,32.0,A
786,2023-05-31T00:00:03,29.89491,-92.46925,6.4,280.4,280.0,CAROLE L BRENT,nan,WDD5964,31.0,12.0,25.0,10.0,nan,57.0,A
787,2023-05-31T00:00:01,30.01265,-90.76552,0.5,332.4,511.0,ED,nan,WDD6296,31.0,0.0,15.0,6.0,nan,52.0,A
788,2023-05-31T00:00:06,29.84367,-93.95191,6.7,192.5,189.0,BEN STRAFUSS,nan,WDH6685,31.0,12.0,22.0,nan,nan,57.0,A
789,2023-05-31T00:00:06,30.02199,-93.98739,0.0,270.1,347.0,HOWARD BLANK,nan,WDF2314,31.0,12.0,26.0,9.0,nan,31.0,A
790,2023-05-31T00:00:02,29.21066,-90.03336,0.0,298.8,511.0,BAD INTENTIONS,nan,nan,37.0,0.0,19.0,5.0,nan,37.0,A
791,2023-05-31T00:00:05,38.19053,-90.33148,4.4,310.0,511.0,STACY DIANNE,nan,WDL5914,31.0,4.0,17.0,8.0,0.0,31.0,A
792,2023-05-31T00:00:08,40.5054,-74.28569,0.0,0.0,511.0,CORNUCOPIA MAJESTY,nan,WDH5940,60.0,0.0,53.0,19.0,nan,60.0,A
793,2023-05-31T00:00:02,27.82197,-97.47977,0.0,272.8,511.0,SALVATION,nan,WDE7579,31.0,12.0,22.0,9.0,nan,57.0,A
794,2023-05-31T00:00:02,48.82749,-123.31913,12.5,287.7,287.0,QUEEN OF CUMBERLAND,IMO9009360,VG2029,60.0,0.0,96.0,21.0,3.8,60.0,A
795,2023-05-31T00:00:02,47.64699,-122.33123,0.0,271.1,511.0,HER IDEA,nan,WDD7936,37.0,0.0,24.0,6.0,nan,37.0,A
796,2023-05-31T00:00:00,29.70295,-91.22171,0.0,276.4,511.0,DIXIE,nan,WDC5441,31.0,0.0,15.0,6.0,nan,52.0,A
797,2023-05-31T00:00:02,25.86886,-80.09627,6.5,353.0,511.0,ALCHEMY,nan,nan,37.0,nan,nan,nan,nan,nan,B
798,2023-05-31T00:00:05,29.6834,-91.27761,0.0,266.2,511.0,PAPOOSE,nan,WDL6437,57.0,12.0,14.0,6.0,2.0,57.0,A
799,2023-05-31T00:00:06,29.96673,-90.2512,0.0,217.8,293.0,CITY OF PITTSBURGH,nan,WDC2658,57.0,12.0,287.0,33.0,3.1,57.0,A
800,2023-05-31T00:00:00,48.31237,-125.89338,7.5,225.6,229.0,NORTHERN ALLIANCE,IMO8714437,CFN6077,30.0,7.0,39.0,9.0,4.1,30.0,A
801,2023-05-31T00:00:06,47.5107,-122.46327,0.0,105.2,228.0,WSF SEALTH,IMO7808152,WAK7089,60.0,0.0,100.0,23.0,5.2,60.0,A